-- MySQL dump 10.13  Distrib 5.7.27, for Linux (x86_64)
--
-- Host: localhost    Database: gestor_escolar
-- ------------------------------------------------------
-- Server version	5.7.27-0ubuntu0.18.04.1

/*!40101 SET @OLD_CHARACTER_SET_CLIENT=@@CHARACTER_SET_CLIENT */;
/*!40101 SET @OLD_CHARACTER_SET_RESULTS=@@CHARACTER_SET_RESULTS */;
/*!40101 SET @OLD_COLLATION_CONNECTION=@@COLLATION_CONNECTION */;
/*!40101 SET NAMES utf8 */;
/*!40103 SET @OLD_TIME_ZONE=@@TIME_ZONE */;
/*!40103 SET TIME_ZONE='+00:00' */;
/*!40014 SET @OLD_UNIQUE_CHECKS=@@UNIQUE_CHECKS, UNIQUE_CHECKS=0 */;
/*!40014 SET @OLD_FOREIGN_KEY_CHECKS=@@FOREIGN_KEY_CHECKS, FOREIGN_KEY_CHECKS=0 */;
/*!40101 SET @OLD_SQL_MODE=@@SQL_MODE, SQL_MODE='NO_AUTO_VALUE_ON_ZERO' */;
/*!40111 SET @OLD_SQL_NOTES=@@SQL_NOTES, SQL_NOTES=0 */;

--
-- Table structure for table `ano_lectivo`
--

DROP TABLE IF EXISTS `ano_lectivo`;
/*!40101 SET @saved_cs_client     = @@character_set_client */;
/*!40101 SET character_set_client = utf8 */;
CREATE TABLE `ano_lectivo` (
  `ano_lectivo_id` int(11) NOT NULL AUTO_INCREMENT,
  `ano_lectivo_nome` int(11) DEFAULT NULL,
  `ano_lectivo_userCriador` int(11) DEFAULT '0',
  `ano_lectivo_dataCriacao` varchar(50) DEFAULT '0',
  `ano_lectivo_descricao` text,
  `ano_lectivo_deleted` int(11) DEFAULT '0',
  PRIMARY KEY (`ano_lectivo_id`)
) ENGINE=InnoDB AUTO_INCREMENT=23 DEFAULT CHARSET=latin1;
/*!40101 SET character_set_client = @saved_cs_client */;

--
-- Dumping data for table `ano_lectivo`
--

LOCK TABLES `ano_lectivo` WRITE;
/*!40000 ALTER TABLE `ano_lectivo` DISABLE KEYS */;
INSERT INTO `ano_lectivo` VALUES (20,2019,1,'2019-12-03 11:36:26','Ano Lectivo de 2019',0),(21,2020,1,'2019-12-11 15:22:06','adfasd',0),(22,2021,1,'2019-12-11 15:22:15','asdasd',0);
/*!40000 ALTER TABLE `ano_lectivo` ENABLE KEYS */;
UNLOCK TABLES;

--
-- Table structure for table `avaliacoes`
--

DROP TABLE IF EXISTS `avaliacoes`;
/*!40101 SET @saved_cs_client     = @@character_set_client */;
/*!40101 SET character_set_client = utf8 */;
CREATE TABLE `avaliacoes` (
  `avaliacao_id` int(11) NOT NULL AUTO_INCREMENT,
  `avaliacao_disciplina` int(11) DEFAULT NULL,
  `avaliacao_tipo` int(11) DEFAULT NULL,
  `avaliacao_turma` int(11) DEFAULT NULL,
  `avaliacao_nota` varchar(45) COLLATE utf8_bin DEFAULT NULL,
  `avaliacao_trimestre` int(11) DEFAULT NULL,
  `avaliacao_estudante` int(11) DEFAULT NULL,
  `avaliacao_professor` int(11) DEFAULT NULL,
  `avaliacao_dtAvaliacao` varchar(45) COLLATE utf8_bin DEFAULT NULL,
  `avaliacao_deleted` int(11) DEFAULT '0',
  PRIMARY KEY (`avaliacao_id`)
) ENGINE=InnoDB AUTO_INCREMENT=3343 DEFAULT CHARSET=utf8 COLLATE=utf8_bin;
/*!40101 SET character_set_client = @saved_cs_client */;

--
-- Dumping data for table `avaliacoes`
--

LOCK TABLES `avaliacoes` WRITE;
/*!40000 ALTER TABLE `avaliacoes` DISABLE KEYS */;
INSERT INTO `avaliacoes` VALUES (46,1,1,1,'12',NULL,1,3,'2019-09-20 10:39:08',0),(47,1,2,1,'5',NULL,1,3,'2019-09-20 10:39:08',0),(48,1,1,1,'0',NULL,2,3,'2019-09-20 10:39:08',0),(49,1,2,1,'0',NULL,2,3,'2019-09-20 10:39:08',0),(50,1,1,1,'0',1,1,3,'2019-09-22 23:23:31',0),(51,1,2,1,'0',1,1,3,'2019-09-22 23:23:31',0),(52,1,1,1,'0',1,2,3,'2019-09-22 23:23:31',0),(53,1,2,1,'0',1,2,3,'2019-09-22 23:23:31',0),(54,2,1,1,'0',1,1,3,'2019-09-22 23:23:47',0),(55,2,2,1,'0',1,1,3,'2019-09-22 23:23:47',0),(56,2,1,1,'0',1,2,3,'2019-09-22 23:23:47',0),(57,2,2,1,'0',1,2,3,'2019-09-22 23:23:47',0),(58,1,3,1,'0',1,1,3,'2019-09-23 15:18:30',0),(59,1,3,1,'0',1,2,3,'2019-09-23 15:18:30',0),(618,1,1,1,'0',2,4,3,'2019-09-30 00:48:09',0),(619,1,2,1,'0',2,4,3,'2019-09-30 00:48:09',0),(620,1,3,1,'0',2,4,3,'2019-09-30 00:48:09',0),(621,1,1,1,'0',2,5,3,'2019-09-30 00:48:09',0),(622,1,2,1,'0',2,5,3,'2019-09-30 00:48:09',0),(623,1,3,1,'0',2,5,3,'2019-09-30 00:48:09',0),(624,1,1,1,'0',2,6,3,'2019-09-30 00:48:09',0),(625,1,2,1,'0',2,6,3,'2019-09-30 00:48:09',0),(626,1,3,1,'0',2,6,3,'2019-09-30 00:48:09',0),(627,1,1,1,'0',2,7,3,'2019-09-30 00:48:09',0),(628,1,2,1,'0',2,7,3,'2019-09-30 00:48:09',0),(629,1,3,1,'0',2,7,3,'2019-09-30 00:48:09',0),(630,1,1,1,'0',2,8,3,'2019-09-30 00:48:09',0),(631,1,2,1,'0',2,8,3,'2019-09-30 00:48:09',0),(632,1,3,1,'0',2,8,3,'2019-09-30 00:48:09',0),(633,1,1,1,'0',2,9,3,'2019-09-30 00:48:09',0),(634,1,2,1,'0',2,9,3,'2019-09-30 00:48:09',0),(635,1,3,1,'0',2,9,3,'2019-09-30 00:48:09',0),(636,1,1,1,'0',2,10,3,'2019-09-30 00:48:09',0),(637,1,2,1,'0',2,10,3,'2019-09-30 00:48:09',0),(638,1,3,1,'0',2,10,3,'2019-09-30 00:48:09',0),(639,1,1,1,'0',2,11,3,'2019-09-30 00:48:09',0),(640,1,2,1,'0',2,11,3,'2019-09-30 00:48:09',0),(641,1,3,1,'0',2,11,3,'2019-09-30 00:48:09',0),(642,1,1,1,'0',2,12,3,'2019-09-30 00:48:09',0),(643,1,2,1,'0',2,12,3,'2019-09-30 00:48:09',0),(644,1,3,1,'0',2,12,3,'2019-09-30 00:48:09',0),(645,1,1,1,'0',2,13,3,'2019-09-30 00:48:09',0),(646,1,2,1,'0',2,13,3,'2019-09-30 00:48:09',0),(647,1,3,1,'0',2,13,3,'2019-09-30 00:48:09',0),(648,1,1,1,'0',2,14,3,'2019-09-30 00:48:09',0),(649,1,2,1,'0',2,14,3,'2019-09-30 00:48:09',0),(650,1,3,1,'0',2,14,3,'2019-09-30 00:48:09',0),(651,1,1,1,'0',2,15,3,'2019-09-30 00:48:09',0),(652,1,2,1,'0',2,15,3,'2019-09-30 00:48:09',0),(653,1,3,1,'0',2,15,3,'2019-09-30 00:48:09',0),(654,1,1,1,'0',2,16,3,'2019-09-30 00:48:09',0),(655,1,2,1,'0',2,16,3,'2019-09-30 00:48:09',0),(656,1,3,1,'0',2,16,3,'2019-09-30 00:48:09',0),(657,1,1,1,'0',2,17,3,'2019-09-30 00:48:09',0),(658,1,2,1,'0',2,17,3,'2019-09-30 00:48:09',0),(659,1,3,1,'0',2,17,3,'2019-09-30 00:48:09',0),(660,1,1,1,'0',2,18,3,'2019-09-30 00:48:09',0),(661,1,2,1,'0',2,18,3,'2019-09-30 00:48:09',0),(662,1,3,1,'0',2,18,3,'2019-09-30 00:48:09',0),(663,1,1,1,'0',2,19,3,'2019-09-30 00:48:09',0),(664,1,2,1,'0',2,19,3,'2019-09-30 00:48:09',0),(665,1,3,1,'0',2,19,3,'2019-09-30 00:48:09',0),(666,1,1,1,'0',2,20,3,'2019-09-30 00:48:09',0),(667,1,2,1,'0',2,20,3,'2019-09-30 00:48:09',0),(668,1,3,1,'0',2,20,3,'2019-09-30 00:48:09',0),(669,1,1,1,'0',2,21,3,'2019-09-30 00:48:09',0),(670,1,2,1,'0',2,21,3,'2019-09-30 00:48:09',0),(671,1,3,1,'0',2,21,3,'2019-09-30 00:48:09',0),(672,1,1,1,'0',2,22,3,'2019-09-30 00:48:09',0),(673,1,2,1,'0',2,22,3,'2019-09-30 00:48:09',0),(674,1,3,1,'0',2,22,3,'2019-09-30 00:48:09',0),(675,1,1,1,'0',2,23,3,'2019-09-30 00:48:09',0),(676,1,2,1,'0',2,23,3,'2019-09-30 00:48:09',0),(677,1,3,1,'0',2,23,3,'2019-09-30 00:48:09',0),(678,1,1,1,'0',2,24,3,'2019-09-30 00:48:09',0),(679,1,2,1,'0',2,24,3,'2019-09-30 00:48:09',0),(680,1,3,1,'0',2,24,3,'2019-09-30 00:48:09',0),(681,1,1,1,'0',2,25,3,'2019-09-30 00:48:09',0),(682,1,2,1,'0',2,25,3,'2019-09-30 00:48:09',0),(683,1,3,1,'0',2,25,3,'2019-09-30 00:48:09',0),(684,1,1,1,'0',2,26,3,'2019-09-30 00:48:09',0),(685,1,2,1,'0',2,26,3,'2019-09-30 00:48:09',0),(686,1,3,1,'0',2,26,3,'2019-09-30 00:48:09',0),(687,1,1,1,'0',2,27,3,'2019-09-30 00:48:09',0),(688,1,2,1,'0',2,27,3,'2019-09-30 00:48:09',0),(689,1,3,1,'0',2,27,3,'2019-09-30 00:48:09',0),(690,1,1,1,'0',2,28,3,'2019-09-30 00:48:09',0),(691,1,2,1,'0',2,28,3,'2019-09-30 00:48:09',0),(692,1,3,1,'0',2,28,3,'2019-09-30 00:48:09',0),(693,1,1,1,'0',2,29,3,'2019-09-30 00:48:09',0),(694,1,2,1,'0',2,29,3,'2019-09-30 00:48:09',0),(695,1,3,1,'0',2,29,3,'2019-09-30 00:48:09',0),(696,1,1,1,'0',2,30,3,'2019-09-30 00:48:09',0),(697,1,2,1,'0',2,30,3,'2019-09-30 00:48:09',0),(698,1,3,1,'0',2,30,3,'2019-09-30 00:48:09',0),(699,1,1,1,'0',2,31,3,'2019-09-30 00:48:09',0),(700,1,2,1,'0',2,31,3,'2019-09-30 00:48:09',0),(701,1,3,1,'0',2,31,3,'2019-09-30 00:48:09',0),(702,1,1,1,'0',2,32,3,'2019-09-30 00:48:09',0),(703,1,2,1,'0',2,32,3,'2019-09-30 00:48:09',0),(704,1,3,1,'0',2,32,3,'2019-09-30 00:48:09',0),(705,1,1,1,'0',2,33,3,'2019-09-30 00:48:09',0),(706,1,2,1,'0',2,33,3,'2019-09-30 00:48:09',0),(707,1,3,1,'0',2,33,3,'2019-09-30 00:48:09',0),(708,1,1,1,'0',2,34,3,'2019-09-30 00:48:09',0),(709,1,2,1,'0',2,34,3,'2019-09-30 00:48:09',0),(710,1,3,1,'0',2,34,3,'2019-09-30 00:48:09',0),(711,1,1,1,'0',2,35,3,'2019-09-30 00:48:09',0),(712,1,2,1,'0',2,35,3,'2019-09-30 00:48:09',0),(713,1,3,1,'0',2,35,3,'2019-09-30 00:48:09',0),(714,1,1,1,'0',2,36,3,'2019-09-30 00:48:09',0),(715,1,2,1,'0',2,36,3,'2019-09-30 00:48:09',0),(716,1,3,1,'0',2,36,3,'2019-09-30 00:48:10',0),(717,1,1,1,'0',2,37,3,'2019-09-30 00:48:10',0),(718,1,2,1,'0',2,37,3,'2019-09-30 00:48:10',0),(719,1,3,1,'0',2,37,3,'2019-09-30 00:48:10',0),(720,1,1,1,'0',2,38,3,'2019-09-30 00:48:10',0),(721,1,2,1,'0',2,38,3,'2019-09-30 00:48:10',0),(722,1,3,1,'0',2,38,3,'2019-09-30 00:48:10',0),(723,1,1,1,'0',2,39,3,'2019-09-30 00:48:10',0),(724,1,2,1,'0',2,39,3,'2019-09-30 00:48:10',0),(725,1,3,1,'0',2,39,3,'2019-09-30 00:48:10',0),(726,1,1,1,'0',2,40,3,'2019-09-30 00:48:10',0),(727,1,2,1,'0',2,40,3,'2019-09-30 00:48:10',0),(728,1,3,1,'0',2,40,3,'2019-09-30 00:48:10',0),(729,1,1,1,'0',2,41,3,'2019-09-30 00:48:10',0),(730,1,2,1,'0',2,41,3,'2019-09-30 00:48:10',0),(731,1,3,1,'0',2,41,3,'2019-09-30 00:48:10',0),(732,1,1,1,'0',2,42,3,'2019-09-30 00:48:10',0),(733,1,2,1,'0',2,42,3,'2019-09-30 00:48:10',0),(734,1,3,1,'0',2,42,3,'2019-09-30 00:48:10',0),(735,1,1,1,'0',2,43,3,'2019-09-30 00:48:10',0),(736,1,2,1,'0',2,43,3,'2019-09-30 00:48:10',0),(737,1,3,1,'0',2,43,3,'2019-09-30 00:48:10',0),(738,1,1,1,'0',2,44,3,'2019-09-30 00:48:10',0),(739,1,2,1,'0',2,44,3,'2019-09-30 00:48:10',0),(740,1,3,1,'0',2,44,3,'2019-09-30 00:48:10',0),(741,1,1,1,'0',2,45,3,'2019-09-30 00:48:10',0),(742,1,2,1,'0',2,45,3,'2019-09-30 00:48:10',0),(743,1,3,1,'0',2,45,3,'2019-09-30 00:48:10',0),(744,1,1,1,'0',2,46,3,'2019-09-30 00:48:10',0),(745,1,2,1,'0',2,46,3,'2019-09-30 00:48:10',0),(746,1,3,1,'0',2,46,3,'2019-09-30 00:48:10',0),(747,1,1,1,'0',2,47,3,'2019-09-30 00:48:10',0),(748,1,2,1,'0',2,47,3,'2019-09-30 00:48:10',0),(749,1,3,1,'0',2,47,3,'2019-09-30 00:48:10',0),(750,1,1,1,'0',2,48,3,'2019-09-30 00:48:10',0),(751,1,2,1,'0',2,48,3,'2019-09-30 00:48:10',0),(752,1,3,1,'0',2,48,3,'2019-09-30 00:48:10',0),(753,1,1,1,'0',2,49,3,'2019-09-30 00:48:10',0),(754,1,2,1,'0',2,49,3,'2019-09-30 00:48:10',0),(755,1,3,1,'0',2,49,3,'2019-09-30 00:48:10',0),(756,1,1,1,'0',2,50,3,'2019-09-30 00:48:10',0),(757,1,2,1,'0',2,50,3,'2019-09-30 00:48:10',0),(758,1,3,1,'0',2,50,3,'2019-09-30 00:48:10',0),(759,1,1,1,'0',2,51,3,'2019-09-30 00:48:10',0),(760,1,2,1,'0',2,51,3,'2019-09-30 00:48:10',0),(761,1,3,1,'0',2,51,3,'2019-09-30 00:48:10',0),(762,1,1,1,'0',2,52,3,'2019-09-30 00:48:10',0),(763,1,2,1,'0',2,52,3,'2019-09-30 00:48:10',0),(764,1,3,1,'0',2,52,3,'2019-09-30 00:48:10',0),(765,1,1,1,'0',2,53,3,'2019-09-30 00:48:10',0),(766,1,2,1,'0',2,53,3,'2019-09-30 00:48:10',0),(767,1,3,1,'0',2,53,3,'2019-09-30 00:48:10',0),(768,1,1,1,'0',2,54,3,'2019-09-30 00:48:10',0),(769,1,2,1,'0',2,54,3,'2019-09-30 00:48:10',0),(770,1,3,1,'0',2,54,3,'2019-09-30 00:48:10',0),(771,1,1,1,'0',2,55,3,'2019-09-30 00:48:10',0),(772,1,2,1,'0',2,55,3,'2019-09-30 00:48:10',0),(773,1,3,1,'0',2,55,3,'2019-09-30 00:48:10',0),(774,1,1,1,'0',2,56,3,'2019-09-30 00:48:10',0),(775,1,2,1,'0',2,56,3,'2019-09-30 00:48:10',0),(776,1,3,1,'0',2,56,3,'2019-09-30 00:48:10',0),(777,1,1,1,'0',2,57,3,'2019-09-30 00:48:10',0),(778,1,2,1,'0',2,57,3,'2019-09-30 00:48:10',0),(779,1,3,1,'0',2,57,3,'2019-09-30 00:48:10',0),(780,1,1,1,'0',2,58,3,'2019-09-30 00:48:10',0),(781,1,2,1,'0',2,58,3,'2019-09-30 00:48:10',0),(782,1,3,1,'0',2,58,3,'2019-09-30 00:48:10',0),(783,1,1,1,'0',2,59,3,'2019-09-30 00:48:10',0),(784,1,2,1,'0',2,59,3,'2019-09-30 00:48:10',0),(785,1,3,1,'0',2,59,3,'2019-09-30 00:48:10',0),(786,1,1,1,'0',2,60,3,'2019-09-30 00:48:10',0),(787,1,2,1,'0',2,60,3,'2019-09-30 00:48:10',0),(788,1,3,1,'0',2,60,3,'2019-09-30 00:48:10',0),(789,1,1,1,'0',2,61,3,'2019-09-30 00:48:10',0),(790,1,2,1,'0',2,61,3,'2019-09-30 00:48:10',0),(791,1,3,1,'0',2,61,3,'2019-09-30 00:48:10',0),(792,1,1,1,'0',2,62,3,'2019-09-30 00:48:10',0),(793,1,2,1,'0',2,62,3,'2019-09-30 00:48:10',0),(794,1,3,1,'0',2,62,3,'2019-09-30 00:48:10',0),(972,1,1,1,'0',1,4,0,'2019-09-30 08:26:57',0),(973,1,2,1,'0',1,4,0,'2019-09-30 08:26:57',0),(974,1,3,1,'0',1,4,0,'2019-09-30 08:26:57',0),(975,1,1,1,'0',1,5,0,'2019-09-30 08:26:57',0),(976,1,2,1,'0',1,5,0,'2019-09-30 08:26:57',0),(977,1,3,1,'0',1,5,0,'2019-09-30 08:26:57',0),(978,1,1,1,'0',1,6,0,'2019-09-30 08:26:57',0),(979,1,2,1,'0',1,6,0,'2019-09-30 08:26:57',0),(980,1,3,1,'0',1,6,0,'2019-09-30 08:26:57',0),(981,1,1,1,'0',1,7,0,'2019-09-30 08:26:57',0),(982,1,2,1,'0',1,7,0,'2019-09-30 08:26:57',0),(983,1,3,1,'0',1,7,0,'2019-09-30 08:26:57',0),(987,1,1,1,'0',1,9,0,'2019-09-30 08:26:57',0),(988,1,2,1,'0',1,9,0,'2019-09-30 08:26:57',0),(989,1,3,1,'0',1,9,0,'2019-09-30 08:26:57',0),(990,1,1,1,'0',1,10,0,'2019-09-30 08:26:57',0),(991,1,2,1,'0',1,10,0,'2019-09-30 08:26:57',0),(992,1,3,1,'0',1,10,0,'2019-09-30 08:26:57',0),(993,1,1,1,'0',1,11,0,'2019-09-30 08:26:57',0),(994,1,2,1,'0',1,11,0,'2019-09-30 08:26:57',0),(995,1,3,1,'0',1,11,0,'2019-09-30 08:26:57',0),(996,1,1,1,'0',1,12,0,'2019-09-30 08:26:57',0),(997,1,2,1,'0',1,12,0,'2019-09-30 08:26:57',0),(998,1,3,1,'0',1,12,0,'2019-09-30 08:26:57',0),(999,1,1,1,'0',1,13,0,'2019-09-30 08:26:57',0),(1000,1,2,1,'0',1,13,0,'2019-09-30 08:26:57',0),(1001,1,3,1,'0',1,13,0,'2019-09-30 08:26:57',0),(1005,1,1,1,'0',1,15,0,'2019-09-30 08:26:57',0),(1006,1,2,1,'0',1,15,0,'2019-09-30 08:26:57',0),(1007,1,3,1,'0',1,15,0,'2019-09-30 08:26:57',0),(1008,1,1,1,'0',1,16,0,'2019-09-30 08:26:57',0),(1009,1,2,1,'0',1,16,0,'2019-09-30 08:26:57',0),(1010,1,3,1,'0',1,16,0,'2019-09-30 08:26:57',0),(1011,1,1,1,'0',1,17,0,'2019-09-30 08:26:57',0),(1012,1,2,1,'0',1,17,0,'2019-09-30 08:26:57',0),(1013,1,3,1,'0',1,17,0,'2019-09-30 08:26:57',0),(1014,1,1,1,'0',1,18,0,'2019-09-30 08:26:57',0),(1015,1,2,1,'0',1,18,0,'2019-09-30 08:26:57',0),(1016,1,3,1,'0',1,18,0,'2019-09-30 08:26:57',0),(1017,1,1,1,'0',1,19,0,'2019-09-30 08:26:57',0),(1018,1,2,1,'0',1,19,0,'2019-09-30 08:26:57',0),(1019,1,3,1,'0',1,19,0,'2019-09-30 08:26:57',0),(1020,1,1,1,'0',1,20,0,'2019-09-30 08:26:57',0),(1021,1,2,1,'0',1,20,0,'2019-09-30 08:26:57',0),(1022,1,3,1,'0',1,20,0,'2019-09-30 08:26:57',0),(1023,1,1,1,'0',1,21,0,'2019-09-30 08:26:57',0),(1024,1,2,1,'0',1,21,0,'2019-09-30 08:26:57',0),(1025,1,3,1,'0',1,21,0,'2019-09-30 08:26:57',0),(1026,1,1,1,'0',1,22,0,'2019-09-30 08:26:57',0),(1027,1,2,1,'0',1,22,0,'2019-09-30 08:26:57',0),(1028,1,3,1,'0',1,22,0,'2019-09-30 08:26:57',0),(1029,1,1,1,'0',1,23,0,'2019-09-30 08:26:57',0),(1030,1,2,1,'0',1,23,0,'2019-09-30 08:26:57',0),(1031,1,3,1,'0',1,23,0,'2019-09-30 08:26:57',0),(1035,1,1,1,'0',1,25,0,'2019-09-30 08:26:57',0),(1036,1,2,1,'0',1,25,0,'2019-09-30 08:26:57',0),(1037,1,3,1,'0',1,25,0,'2019-09-30 08:26:57',0),(1038,1,1,1,'0',1,26,0,'2019-09-30 08:26:57',0),(1039,1,2,1,'0',1,26,0,'2019-09-30 08:26:57',0),(1040,1,3,1,'0',1,26,0,'2019-09-30 08:26:57',0),(1041,1,1,1,'0',1,27,0,'2019-09-30 08:26:58',0),(1042,1,2,1,'0',1,27,0,'2019-09-30 08:26:58',0),(1043,1,3,1,'0',1,27,0,'2019-09-30 08:26:58',0),(1044,1,1,1,'0',1,28,0,'2019-09-30 08:26:58',0),(1045,1,2,1,'0',1,28,0,'2019-09-30 08:26:58',0),(1046,1,3,1,'0',1,28,0,'2019-09-30 08:26:58',0),(1047,1,1,1,'0',1,29,0,'2019-09-30 08:26:58',0),(1048,1,2,1,'0',1,29,0,'2019-09-30 08:26:58',0),(1049,1,3,1,'0',1,29,0,'2019-09-30 08:26:58',0),(1053,1,1,1,'0',1,31,0,'2019-09-30 08:26:58',0),(1054,1,2,1,'0',1,31,0,'2019-09-30 08:26:58',0),(1055,1,3,1,'0',1,31,0,'2019-09-30 08:26:58',0),(1056,1,1,1,'0',1,32,0,'2019-09-30 08:26:58',0),(1057,1,2,1,'0',1,32,0,'2019-09-30 08:26:58',0),(1058,1,3,1,'0',1,32,0,'2019-09-30 08:26:58',0),(1059,1,1,1,'0',1,33,0,'2019-09-30 08:26:58',0),(1060,1,2,1,'0',1,33,0,'2019-09-30 08:26:58',0),(1061,1,3,1,'0',1,33,0,'2019-09-30 08:26:58',0),(1062,1,1,1,'0',1,34,0,'2019-09-30 08:26:58',0),(1063,1,2,1,'0',1,34,0,'2019-09-30 08:26:58',0),(1064,1,3,1,'0',1,34,0,'2019-09-30 08:26:58',0),(1065,1,1,1,'0',1,35,0,'2019-09-30 08:26:58',0),(1066,1,2,1,'0',1,35,0,'2019-09-30 08:26:58',0),(1067,1,3,1,'0',1,35,0,'2019-09-30 08:26:58',0),(1068,1,1,1,'0',1,36,0,'2019-09-30 08:26:58',0),(1069,1,2,1,'0',1,36,0,'2019-09-30 08:26:58',0),(1070,1,3,1,'0',1,36,0,'2019-09-30 08:26:58',0),(1071,1,1,1,'0',1,37,0,'2019-09-30 08:26:58',0),(1072,1,2,1,'0',1,37,0,'2019-09-30 08:26:58',0),(1073,1,3,1,'0',1,37,0,'2019-09-30 08:26:58',0),(1074,1,1,1,'0',1,38,0,'2019-09-30 08:26:58',0),(1075,1,2,1,'0',1,38,0,'2019-09-30 08:26:58',0),(1076,1,3,1,'0',1,38,0,'2019-09-30 08:26:58',0),(1080,1,1,1,'0',1,40,0,'2019-09-30 08:26:58',0),(1081,1,2,1,'0',1,40,0,'2019-09-30 08:26:58',0),(1082,1,3,1,'0',1,40,0,'2019-09-30 08:26:58',0),(1083,1,1,1,'0',1,41,0,'2019-09-30 08:26:58',0),(1084,1,2,1,'0',1,41,0,'2019-09-30 08:26:58',0),(1085,1,3,1,'0',1,41,0,'2019-09-30 08:26:58',0),(1086,1,1,1,'0',1,42,0,'2019-09-30 08:26:58',0),(1087,1,2,1,'0',1,42,0,'2019-09-30 08:26:58',0),(1088,1,3,1,'0',1,42,0,'2019-09-30 08:26:58',0),(1089,1,1,1,'0',1,43,0,'2019-09-30 08:26:58',0),(1090,1,2,1,'0',1,43,0,'2019-09-30 08:26:58',0),(1091,1,3,1,'0',1,43,0,'2019-09-30 08:26:58',0),(1092,1,1,1,'0',1,44,0,'2019-09-30 08:26:58',0),(1093,1,2,1,'0',1,44,0,'2019-09-30 08:26:58',0),(1094,1,3,1,'0',1,44,0,'2019-09-30 08:26:58',0),(1095,1,1,1,'0',1,45,0,'2019-09-30 08:26:58',0),(1096,1,2,1,'0',1,45,0,'2019-09-30 08:26:58',0),(1097,1,3,1,'0',1,45,0,'2019-09-30 08:26:58',0),(1101,1,1,1,'0',1,47,0,'2019-09-30 08:26:58',0),(1102,1,2,1,'0',1,47,0,'2019-09-30 08:26:58',0),(1103,1,3,1,'0',1,47,0,'2019-09-30 08:26:58',0),(1104,1,1,1,'0',1,48,0,'2019-09-30 08:26:58',0),(1105,1,2,1,'0',1,48,0,'2019-09-30 08:26:58',0),(1106,1,3,1,'0',1,48,0,'2019-09-30 08:26:58',0),(1107,1,1,1,'0',1,49,0,'2019-09-30 08:26:58',0),(1108,1,2,1,'0',1,49,0,'2019-09-30 08:26:58',0),(1109,1,3,1,'0',1,49,0,'2019-09-30 08:26:58',0),(1110,1,1,1,'0',1,50,0,'2019-09-30 08:26:58',0),(1111,1,2,1,'0',1,50,0,'2019-09-30 08:26:58',0),(1112,1,3,1,'0',1,50,0,'2019-09-30 08:26:58',0),(1113,1,1,1,'0',1,51,0,'2019-09-30 08:26:58',0),(1114,1,2,1,'0',1,51,0,'2019-09-30 08:26:58',0),(1115,1,3,1,'0',1,51,0,'2019-09-30 08:26:58',0),(1116,1,1,1,'0',1,52,0,'2019-09-30 08:26:58',0),(1117,1,2,1,'0',1,52,0,'2019-09-30 08:26:58',0),(1118,1,3,1,'0',1,52,0,'2019-09-30 08:26:58',0),(1119,1,1,1,'0',1,53,0,'2019-09-30 08:26:58',0),(1120,1,2,1,'0',1,53,0,'2019-09-30 08:26:58',0),(1121,1,3,1,'0',1,53,0,'2019-09-30 08:26:58',0),(1125,1,1,1,'0',1,55,0,'2019-09-30 08:26:58',0),(1126,1,2,1,'0',1,55,0,'2019-09-30 08:26:58',0),(1127,1,3,1,'0',1,55,0,'2019-09-30 08:26:58',0),(1131,1,1,1,'0',1,57,0,'2019-09-30 08:26:58',0),(1132,1,2,1,'0',1,57,0,'2019-09-30 08:26:58',0),(1133,1,3,1,'0',1,57,0,'2019-09-30 08:26:58',0),(1134,1,1,1,'0',1,58,0,'2019-09-30 08:26:58',0),(1135,1,2,1,'0',1,58,0,'2019-09-30 08:26:58',0),(1136,1,3,1,'0',1,58,0,'2019-09-30 08:26:58',0),(1140,1,1,1,'0',1,60,0,'2019-09-30 08:26:58',0),(1141,1,2,1,'0',1,60,0,'2019-09-30 08:26:58',0),(1142,1,3,1,'0',1,60,0,'2019-09-30 08:26:58',0),(1143,1,1,1,'0',1,61,0,'2019-09-30 08:26:58',0),(1144,1,2,1,'0',1,61,0,'2019-09-30 08:26:58',0),(1145,1,3,1,'0',1,61,0,'2019-09-30 08:26:58',0),(1146,1,1,1,'0',1,62,0,'2019-09-30 08:26:58',0),(1147,1,2,1,'0',1,62,0,'2019-09-30 08:26:58',0),(1148,1,3,1,'0',1,62,0,'2019-09-30 08:26:58',0),(1149,1,1,1,'0',2,1,3,'2019-10-25 14:36:47',0),(1150,1,2,1,'0',2,1,3,'2019-10-25 14:36:47',0),(1151,1,3,1,'0',2,1,3,'2019-10-25 14:36:47',0),(1152,1,1,1,'0',3,4,3,'2019-10-25 14:37:54',0),(1153,1,2,1,'0',3,4,3,'2019-10-25 14:37:54',0),(1154,1,3,1,'0',3,4,3,'2019-10-25 14:37:54',0),(1155,1,1,1,'0',3,5,3,'2019-10-25 14:37:54',0),(1156,1,2,1,'0',3,5,3,'2019-10-25 14:37:55',0),(1157,1,3,1,'0',3,5,3,'2019-10-25 14:37:55',0),(1158,1,1,1,'0',3,6,3,'2019-10-25 14:37:55',0),(1159,1,2,1,'0',3,6,3,'2019-10-25 14:37:55',0),(1160,1,3,1,'0',3,6,3,'2019-10-25 14:37:55',0),(1161,1,1,1,'0',3,7,3,'2019-10-25 14:37:55',0),(1162,1,2,1,'0',3,7,3,'2019-10-25 14:37:55',0),(1163,1,3,1,'0',3,7,3,'2019-10-25 14:37:55',0),(1167,1,1,1,'0',3,9,3,'2019-10-25 14:37:55',0),(1168,1,2,1,'0',3,9,3,'2019-10-25 14:37:55',0),(1169,1,3,1,'0',3,9,3,'2019-10-25 14:37:55',0),(1170,1,1,1,'0',3,10,3,'2019-10-25 14:37:55',0),(1171,1,2,1,'0',3,10,3,'2019-10-25 14:37:55',0),(1172,1,3,1,'0',3,10,3,'2019-10-25 14:37:55',0),(1173,1,1,1,'0',3,11,3,'2019-10-25 14:37:56',0),(1174,1,2,1,'0',3,11,3,'2019-10-25 14:37:56',0),(1175,1,3,1,'0',3,11,3,'2019-10-25 14:37:56',0),(1176,1,1,1,'0',3,12,3,'2019-10-25 14:37:56',0),(1177,1,2,1,'0',3,12,3,'2019-10-25 14:37:56',0),(1178,1,3,1,'0',3,12,3,'2019-10-25 14:37:56',0),(1179,1,1,1,'0',3,13,3,'2019-10-25 14:37:56',0),(1180,1,2,1,'0',3,13,3,'2019-10-25 14:37:56',0),(1181,1,3,1,'0',3,13,3,'2019-10-25 14:37:56',0),(1185,1,1,1,'0',3,15,3,'2019-10-25 14:37:56',0),(1186,1,2,1,'0',3,15,3,'2019-10-25 14:37:56',0),(1187,1,3,1,'0',3,15,3,'2019-10-25 14:37:56',0),(1188,1,1,1,'0',3,16,3,'2019-10-25 14:37:57',0),(1189,1,2,1,'0',3,16,3,'2019-10-25 14:37:57',0),(1190,1,3,1,'0',3,16,3,'2019-10-25 14:37:57',0),(1191,1,1,1,'0',3,17,3,'2019-10-25 14:37:57',0),(1192,1,2,1,'0',3,17,3,'2019-10-25 14:37:57',0),(1193,1,3,1,'0',3,17,3,'2019-10-25 14:37:57',0),(1194,1,1,1,'0',3,18,3,'2019-10-25 14:37:57',0),(1195,1,2,1,'0',3,18,3,'2019-10-25 14:37:57',0),(1196,1,3,1,'0',3,18,3,'2019-10-25 14:37:57',0),(1197,1,1,1,'0',3,19,3,'2019-10-25 14:37:57',0),(1198,1,2,1,'0',3,19,3,'2019-10-25 14:37:57',0),(1199,1,3,1,'0',3,19,3,'2019-10-25 14:37:57',0),(1200,1,1,1,'0',3,20,3,'2019-10-25 14:37:57',0),(1201,1,2,1,'0',3,20,3,'2019-10-25 14:37:57',0),(1202,1,3,1,'0',3,20,3,'2019-10-25 14:37:57',0),(1203,1,1,1,'0',3,21,3,'2019-10-25 14:37:58',0),(1204,1,2,1,'0',3,21,3,'2019-10-25 14:37:58',0),(1205,1,3,1,'0',3,21,3,'2019-10-25 14:37:58',0),(1206,1,1,1,'0',3,22,3,'2019-10-25 14:37:58',0),(1207,1,2,1,'0',3,22,3,'2019-10-25 14:37:58',0),(1208,1,3,1,'0',3,22,3,'2019-10-25 14:37:58',0),(1209,1,1,1,'0',3,23,3,'2019-10-25 14:37:58',0),(1210,1,2,1,'0',3,23,3,'2019-10-25 14:37:58',0),(1211,1,3,1,'0',3,23,3,'2019-10-25 14:37:58',0),(1215,1,1,1,'0',3,25,3,'2019-10-25 14:37:58',0),(1216,1,2,1,'0',3,25,3,'2019-10-25 14:37:58',0),(1217,1,3,1,'0',3,25,3,'2019-10-25 14:37:58',0),(1218,1,1,1,'0',3,26,3,'2019-10-25 14:37:58',0),(1219,1,2,1,'0',3,26,3,'2019-10-25 14:37:58',0),(1220,1,3,1,'0',3,26,3,'2019-10-25 14:37:58',0),(1221,1,1,1,'0',3,27,3,'2019-10-25 14:37:59',0),(1222,1,2,1,'0',3,27,3,'2019-10-25 14:37:59',0),(1223,1,3,1,'0',3,27,3,'2019-10-25 14:37:59',0),(1224,1,1,1,'0',3,28,3,'2019-10-25 14:37:59',0),(1225,1,2,1,'0',3,28,3,'2019-10-25 14:37:59',0),(1226,1,3,1,'0',3,28,3,'2019-10-25 14:37:59',0),(1227,1,1,1,'0',3,29,3,'2019-10-25 14:37:59',0),(1228,1,2,1,'0',3,29,3,'2019-10-25 14:37:59',0),(1229,1,3,1,'0',3,29,3,'2019-10-25 14:37:59',0),(1233,1,1,1,'0',3,31,3,'2019-10-25 14:37:59',0),(1234,1,2,1,'0',3,31,3,'2019-10-25 14:37:59',0),(1235,1,3,1,'0',3,31,3,'2019-10-25 14:37:59',0),(1236,1,1,1,'0',3,32,3,'2019-10-25 14:37:59',0),(1237,1,2,1,'0',3,32,3,'2019-10-25 14:37:59',0),(1238,1,3,1,'0',3,32,3,'2019-10-25 14:37:59',0),(1239,1,1,1,'0',3,33,3,'2019-10-25 14:38:00',0),(1240,1,2,1,'0',3,33,3,'2019-10-25 14:38:00',0),(1241,1,3,1,'0',3,33,3,'2019-10-25 14:38:00',0),(1242,1,1,1,'0',3,34,3,'2019-10-25 14:38:00',0),(1243,1,2,1,'0',3,34,3,'2019-10-25 14:38:00',0),(1244,1,3,1,'0',3,34,3,'2019-10-25 14:38:00',0),(1245,1,1,1,'0',3,35,3,'2019-10-25 14:38:00',0),(1246,1,2,1,'0',3,35,3,'2019-10-25 14:38:00',0),(1247,1,3,1,'0',3,35,3,'2019-10-25 14:38:00',0),(1248,1,1,1,'0',3,36,3,'2019-10-25 14:38:00',0),(1249,1,2,1,'0',3,36,3,'2019-10-25 14:38:00',0),(1250,1,3,1,'0',3,36,3,'2019-10-25 14:38:00',0),(1251,1,1,1,'0',3,37,3,'2019-10-25 14:38:00',0),(1252,1,2,1,'0',3,37,3,'2019-10-25 14:38:00',0),(1253,1,3,1,'0',3,37,3,'2019-10-25 14:38:00',0),(1254,1,1,1,'0',3,38,3,'2019-10-25 14:38:00',0),(1255,1,2,1,'0',3,38,3,'2019-10-25 14:38:01',0),(1256,1,3,1,'0',3,38,3,'2019-10-25 14:38:01',0),(1260,1,1,1,'0',3,40,3,'2019-10-25 14:38:01',0),(1261,1,2,1,'0',3,40,3,'2019-10-25 14:38:01',0),(1262,1,3,1,'0',3,40,3,'2019-10-25 14:38:01',0),(1263,1,1,1,'0',3,41,3,'2019-10-25 14:38:01',0),(1264,1,2,1,'0',3,41,3,'2019-10-25 14:38:01',0),(1265,1,3,1,'0',3,41,3,'2019-10-25 14:38:01',0),(1266,1,1,1,'0',3,42,3,'2019-10-25 14:38:01',0),(1267,1,2,1,'0',3,42,3,'2019-10-25 14:38:01',0),(1268,1,3,1,'0',3,42,3,'2019-10-25 14:38:01',0),(1269,1,1,1,'0',3,43,3,'2019-10-25 14:38:01',0),(1270,1,2,1,'0',3,43,3,'2019-10-25 14:38:01',0),(1271,1,3,1,'0',3,43,3,'2019-10-25 14:38:01',0),(1272,1,1,1,'0',3,44,3,'2019-10-25 14:38:02',0),(1273,1,2,1,'0',3,44,3,'2019-10-25 14:38:02',0),(1274,1,3,1,'0',3,44,3,'2019-10-25 14:38:02',0),(1275,1,1,1,'0',3,45,3,'2019-10-25 14:38:02',0),(1276,1,2,1,'0',3,45,3,'2019-10-25 14:38:02',0),(1277,1,3,1,'0',3,45,3,'2019-10-25 14:38:02',0),(1281,1,1,1,'0',3,47,3,'2019-10-25 14:38:02',0),(1282,1,2,1,'0',3,47,3,'2019-10-25 14:38:02',0),(1283,1,3,1,'0',3,47,3,'2019-10-25 14:38:02',0),(1284,1,1,1,'0',3,48,3,'2019-10-25 14:38:02',0),(1285,1,2,1,'0',3,48,3,'2019-10-25 14:38:02',0),(1286,1,3,1,'0',3,48,3,'2019-10-25 14:38:02',0),(1287,1,1,1,'0',3,49,3,'2019-10-25 14:38:02',0),(1288,1,2,1,'0',3,49,3,'2019-10-25 14:38:02',0),(1289,1,3,1,'0',3,49,3,'2019-10-25 14:38:02',0),(1290,1,1,1,'0',3,50,3,'2019-10-25 14:38:03',0),(1291,1,2,1,'0',3,50,3,'2019-10-25 14:38:03',0),(1292,1,3,1,'0',3,50,3,'2019-10-25 14:38:03',0),(1293,1,1,1,'0',3,51,3,'2019-10-25 14:38:03',0),(1294,1,2,1,'0',3,51,3,'2019-10-25 14:38:03',0),(1295,1,3,1,'0',3,51,3,'2019-10-25 14:38:03',0),(1296,1,1,1,'0',3,52,3,'2019-10-25 14:38:03',0),(1297,1,2,1,'0',3,52,3,'2019-10-25 14:38:03',0),(1298,1,3,1,'0',3,52,3,'2019-10-25 14:38:03',0),(1299,1,1,1,'0',3,53,3,'2019-10-25 14:38:03',0),(1300,1,2,1,'0',3,53,3,'2019-10-25 14:38:03',0),(1301,1,3,1,'0',3,53,3,'2019-10-25 14:38:03',0),(1305,1,1,1,'0',3,55,3,'2019-10-25 14:38:03',0),(1306,1,2,1,'0',3,55,3,'2019-10-25 14:38:03',0),(1307,1,3,1,'0',3,55,3,'2019-10-25 14:38:04',0),(1311,1,1,1,'0',3,57,3,'2019-10-25 14:38:04',0),(1312,1,2,1,'0',3,57,3,'2019-10-25 14:38:04',0),(1313,1,3,1,'0',3,57,3,'2019-10-25 14:38:04',0),(1314,1,1,1,'0',3,58,3,'2019-10-25 14:38:04',0),(1315,1,2,1,'0',3,58,3,'2019-10-25 14:38:04',0),(1316,1,3,1,'0',3,58,3,'2019-10-25 14:38:04',0),(1320,1,1,1,'0',3,60,3,'2019-10-25 14:38:04',0),(1321,1,2,1,'0',3,60,3,'2019-10-25 14:38:04',0),(1322,1,3,1,'0',3,60,3,'2019-10-25 14:38:04',0),(1323,1,1,1,'0',3,61,3,'2019-10-25 14:38:05',0),(1324,1,2,1,'0',3,61,3,'2019-10-25 14:38:05',0),(1325,1,3,1,'0',3,61,3,'2019-10-25 14:38:05',0),(1326,1,1,1,'0',3,62,3,'2019-10-25 14:38:05',0),(1327,1,2,1,'0',3,62,3,'2019-10-25 14:38:05',0),(1328,1,3,1,'0',3,62,3,'2019-10-25 14:38:05',0),(1464,1,1,2,'20',1,8,3,'2019-10-29 09:55:25',0),(1465,1,2,2,'3',1,8,3,'2019-10-29 09:55:25',0),(1466,1,3,2,'0',1,8,3,'2019-10-29 09:55:25',0),(1482,1,1,2,'10',1,14,3,'2019-10-29 09:55:26',0),(1483,1,2,2,'10',1,14,3,'2019-10-29 09:55:26',0),(1484,1,3,2,'10',1,14,3,'2019-10-29 09:55:26',0),(1512,1,1,2,'8',1,24,3,'2019-10-29 09:55:27',0),(1513,1,2,2,'8',1,24,3,'2019-10-29 09:55:28',0),(1514,1,3,2,'8',1,24,3,'2019-10-29 09:55:28',0),(1518,1,1,2,'11',1,26,3,'2019-10-29 09:55:28',0),(1519,1,2,2,'10',1,26,3,'2019-10-29 09:55:28',0),(1520,1,3,2,'10.5',1,26,3,'2019-10-29 09:55:28',0),(1530,1,1,2,'0',1,30,3,'2019-10-29 09:55:29',0),(1531,1,2,2,'0',1,30,3,'2019-10-29 09:55:29',0),(1532,1,3,2,'0',1,30,3,'2019-10-29 09:55:29',0),(1536,1,1,2,'17',1,32,3,'2019-10-29 09:55:29',0),(1537,1,2,2,'8',1,32,3,'2019-10-29 09:55:29',0),(1538,1,3,2,'12.5',1,32,3,'2019-10-29 09:55:29',0),(1548,1,1,2,'8',1,36,3,'2019-10-29 09:55:30',0),(1549,1,2,2,'8',1,36,3,'2019-10-29 09:55:30',0),(1550,1,3,2,'8',1,36,3,'2019-10-29 09:55:30',0),(1557,1,1,2,'11',1,39,3,'2019-10-29 09:55:30',0),(1558,1,2,2,'10',1,39,3,'2019-10-29 09:55:30',0),(1559,1,3,2,'10.5',1,39,3,'2019-10-29 09:55:30',0),(1572,1,1,2,'10',1,44,3,'2019-10-29 09:55:31',0),(1573,1,2,2,'8',1,44,3,'2019-10-29 09:55:31',0),(1574,1,3,2,'9',1,44,3,'2019-10-29 09:55:31',0),(1578,1,1,2,'10',1,46,3,'2019-10-29 09:55:31',0),(1579,1,2,2,'10',1,46,3,'2019-10-29 09:55:32',0),(1580,1,3,2,'10',1,46,3,'2019-10-29 09:55:32',0),(1584,1,1,2,'8',1,48,3,'2019-10-29 09:55:32',0),(1585,1,2,2,'8',1,48,3,'2019-10-29 09:55:32',0),(1586,1,3,2,'8',1,48,3,'2019-10-29 09:55:32',0),(1596,1,1,2,'8',1,52,3,'2019-10-29 09:55:32',0),(1597,1,2,2,'8',1,52,3,'2019-10-29 09:55:33',0),(1598,1,3,2,'8',1,52,3,'2019-10-29 09:55:33',0),(1599,1,1,2,'6',1,53,3,'2019-10-29 09:55:33',0),(1600,1,2,2,'8',1,53,3,'2019-10-29 09:55:33',0),(1601,1,3,2,'7',1,53,3,'2019-10-29 09:55:33',0),(1602,1,1,2,'10',1,54,3,'2019-10-29 09:55:33',0),(1603,1,2,2,'8',1,54,3,'2019-10-29 09:55:33',0),(1604,1,3,2,'9',1,54,3,'2019-10-29 09:55:33',0),(1608,1,1,2,'7',1,56,3,'2019-10-29 09:55:33',0),(1609,1,2,2,'7',1,56,3,'2019-10-29 09:55:33',0),(1610,1,3,2,'7',1,56,3,'2019-10-29 09:55:33',0),(1614,1,1,2,'14',1,58,3,'2019-10-29 09:55:33',0),(1615,1,2,2,'10',1,58,3,'2019-10-29 09:55:34',0),(1616,1,3,2,'12',1,58,3,'2019-10-29 09:55:34',0),(1617,1,1,2,'7',1,59,3,'2019-10-29 09:55:34',0),(1618,1,2,2,'8',1,59,3,'2019-10-29 09:55:34',0),(1619,1,3,2,'7.5',1,59,3,'2019-10-29 09:55:34',0),(1626,1,1,2,'8',1,62,3,'2019-10-29 09:55:34',0),(1627,1,2,2,'8',1,62,3,'2019-10-29 09:55:34',0),(1628,1,3,2,'8',1,62,3,'2019-10-29 09:55:34',0),(1629,1,1,2,'6',2,4,3,'2019-10-29 09:55:45',0),(1630,1,2,2,'8',2,4,3,'2019-10-29 09:55:45',0),(1631,1,3,2,'7',2,4,3,'2019-10-29 09:55:45',0),(1632,1,1,2,'10',2,5,3,'2019-10-29 09:55:45',0),(1633,1,2,2,'10',2,5,3,'2019-10-29 09:55:46',0),(1634,1,3,2,'10',2,5,3,'2019-10-29 09:55:46',0),(1635,1,1,2,'10',2,6,3,'2019-10-29 09:55:46',0),(1636,1,2,2,'10',2,6,3,'2019-10-29 09:55:46',0),(1637,1,3,2,'10',2,6,3,'2019-10-29 09:55:46',0),(1638,1,1,2,'10',2,7,3,'2019-10-29 09:55:46',0),(1639,1,2,2,'10',2,7,3,'2019-10-29 09:55:46',0),(1640,1,3,2,'10',2,7,3,'2019-10-29 09:55:46',0),(1641,1,1,2,'10',2,8,3,'2019-10-29 09:55:46',0),(1642,1,2,2,'10',2,8,3,'2019-10-29 09:55:46',0),(1643,1,3,2,'10',2,8,3,'2019-10-29 09:55:46',0),(1644,1,1,2,'6',2,9,3,'2019-10-29 09:55:47',0),(1645,1,2,2,'10',2,9,3,'2019-10-29 09:55:47',0),(1646,1,3,2,'8',2,9,3,'2019-10-29 09:55:47',0),(1647,1,1,2,'10',2,10,3,'2019-10-29 09:55:47',0),(1648,1,2,2,'10',2,10,3,'2019-10-29 09:55:47',0),(1649,1,3,2,'10',2,10,3,'2019-10-29 09:55:47',0),(1650,1,1,2,'8',2,11,3,'2019-10-29 09:55:47',0),(1651,1,2,2,'8',2,11,3,'2019-10-29 09:55:48',0),(1652,1,3,2,'8',2,11,3,'2019-10-29 09:55:48',0),(1653,1,1,2,'10',2,12,3,'2019-10-29 09:55:48',0),(1654,1,2,2,'10',2,12,3,'2019-10-29 09:55:48',0),(1655,1,3,2,'10',2,12,3,'2019-10-29 09:55:48',0),(1656,1,1,2,'10',2,13,3,'2019-10-29 09:55:48',0),(1657,1,2,2,'10',2,13,3,'2019-10-29 09:55:48',0),(1658,1,3,2,'10',2,13,3,'2019-10-29 09:55:48',0),(1659,1,1,2,'8',2,14,3,'2019-10-29 09:55:48',0),(1660,1,2,2,'10',2,14,3,'2019-10-29 09:55:48',0),(1661,1,3,2,'9',2,14,3,'2019-10-29 09:55:48',0),(1662,1,1,2,'6',2,15,3,'2019-10-29 09:55:49',0),(1663,1,2,2,'10',2,15,3,'2019-10-29 09:55:49',0),(1664,1,3,2,'8',2,15,3,'2019-10-29 09:55:49',0),(1665,1,1,2,'0',2,16,3,'2019-10-29 09:55:49',0),(1666,1,2,2,'0',2,16,3,'2019-10-29 09:55:49',0),(1667,1,3,2,'0',2,16,3,'2019-10-29 09:55:49',0),(1668,1,1,2,'6',2,17,3,'2019-10-29 09:55:50',0),(1669,1,2,2,'6',2,17,3,'2019-10-29 09:55:50',0),(1670,1,3,2,'6',2,17,3,'2019-10-29 09:55:50',0),(1671,1,1,2,'5',2,18,3,'2019-10-29 09:55:50',0),(1672,1,2,2,'6',2,18,3,'2019-10-29 09:55:50',0),(1673,1,3,2,'5.5',2,18,3,'2019-10-29 09:55:50',0),(1674,1,1,2,'10',2,19,3,'2019-10-29 09:55:50',0),(1675,1,2,2,'10',2,19,3,'2019-10-29 09:55:50',0),(1676,1,3,2,'10',2,19,3,'2019-10-29 09:55:51',0),(1677,1,1,2,'10',2,20,3,'2019-10-29 09:55:51',0),(1678,1,2,2,'10',2,20,3,'2019-10-29 09:55:51',0),(1679,1,3,2,'10',2,20,3,'2019-10-29 09:55:51',0),(1680,1,1,2,'5',2,21,3,'2019-10-29 09:55:52',0),(1681,1,2,2,'5',2,21,3,'2019-10-29 09:55:52',0),(1682,1,3,2,'5',2,21,3,'2019-10-29 09:55:52',0),(1683,1,1,2,'5',2,22,3,'2019-10-29 09:55:52',0),(1684,1,2,2,'5',2,22,3,'2019-10-29 09:55:52',0),(1685,1,3,2,'5',2,22,3,'2019-10-29 09:55:52',0),(1686,1,1,2,'10',2,23,3,'2019-10-29 09:55:53',0),(1687,1,2,2,'10',2,23,3,'2019-10-29 09:55:53',0),(1688,1,3,2,'10',2,23,3,'2019-10-29 09:55:53',0),(1689,1,1,2,'5',2,24,3,'2019-10-29 09:55:53',0),(1690,1,2,2,'5',2,24,3,'2019-10-29 09:55:53',0),(1691,1,3,2,'5',2,24,3,'2019-10-29 09:55:53',0),(1692,1,1,2,'5',2,25,3,'2019-10-29 09:55:54',0),(1693,1,2,2,'5',2,25,3,'2019-10-29 09:55:54',0),(1694,1,3,2,'5',2,25,3,'2019-10-29 09:55:54',0),(1695,1,1,2,'10',2,26,3,'2019-10-29 09:55:54',0),(1696,1,2,2,'13',2,26,3,'2019-10-29 09:55:54',0),(1697,1,3,2,'11.5',2,26,3,'2019-10-29 09:55:54',0),(1698,1,1,2,'10',2,27,3,'2019-10-29 09:55:54',0),(1699,1,2,2,'10',2,27,3,'2019-10-29 09:55:54',0),(1700,1,3,2,'10',2,27,3,'2019-10-29 09:55:54',0),(1701,1,1,2,'8',2,28,3,'2019-10-29 09:55:55',0),(1702,1,2,2,'10',2,28,3,'2019-10-29 09:55:55',0),(1703,1,3,2,'9',2,28,3,'2019-10-29 09:55:55',0),(1704,1,1,2,'6',2,29,3,'2019-10-29 09:55:55',0),(1705,1,2,2,'6',2,29,3,'2019-10-29 09:55:56',0),(1706,1,3,2,'6',2,29,3,'2019-10-29 09:55:56',0),(1707,1,1,2,'3',2,30,3,'2019-10-29 09:55:56',0),(1708,1,2,2,'4',2,30,3,'2019-10-29 09:55:56',0),(1709,1,3,2,'3.5',2,30,3,'2019-10-29 09:55:56',0),(1710,1,1,2,'10',2,31,3,'2019-10-29 09:55:56',0),(1711,1,2,2,'10',2,31,3,'2019-10-29 09:55:56',0),(1712,1,3,2,'10',2,31,3,'2019-10-29 09:55:57',0),(1713,1,1,2,'10',2,32,3,'2019-10-29 09:55:57',0),(1714,1,2,2,'10',2,32,3,'2019-10-29 09:55:57',0),(1715,1,3,2,'10',2,32,3,'2019-10-29 09:55:57',0),(1716,1,1,2,'10',2,33,3,'2019-10-29 09:55:57',0),(1717,1,2,2,'10',2,33,3,'2019-10-29 09:55:57',0),(1718,1,3,2,'10',2,33,3,'2019-10-29 09:55:57',0),(1719,1,1,2,'8',2,34,3,'2019-10-29 09:55:58',0),(1720,1,2,2,'10',2,34,3,'2019-10-29 09:55:58',0),(1721,1,3,2,'9',2,34,3,'2019-10-29 09:55:58',0),(1722,1,1,2,'8',2,35,3,'2019-10-29 09:55:58',0),(1723,1,2,2,'10',2,35,3,'2019-10-29 09:55:58',0),(1724,1,3,2,'9',2,35,3,'2019-10-29 09:55:58',0),(1725,1,1,2,'6',2,36,3,'2019-10-29 09:55:58',0),(1726,1,2,2,'6',2,36,3,'2019-10-29 09:55:58',0),(1727,1,3,2,'6',2,36,3,'2019-10-29 09:55:59',0),(1728,1,1,2,'6',2,37,3,'2019-10-29 09:55:59',0),(1729,1,2,2,'6',2,37,3,'2019-10-29 09:55:59',0),(1730,1,3,2,'6',2,37,3,'2019-10-29 09:55:59',0),(1731,1,1,2,'10',2,38,3,'2019-10-29 09:56:00',0),(1732,1,2,2,'10',2,38,3,'2019-10-29 09:56:00',0),(1733,1,3,2,'10',2,38,3,'2019-10-29 09:56:00',0),(1734,1,1,2,'10',2,39,3,'2019-10-29 09:56:00',0),(1735,1,2,2,'10',2,39,3,'2019-10-29 09:56:00',0),(1736,1,3,2,'10',2,39,3,'2019-10-29 09:56:00',0),(1737,1,1,2,'10',2,40,3,'2019-10-29 09:56:00',0),(1738,1,2,2,'10',2,40,3,'2019-10-29 09:56:01',0),(1739,1,3,2,'10',2,40,3,'2019-10-29 09:56:01',0),(1740,1,1,2,'6',2,41,3,'2019-10-29 09:56:01',0),(1741,1,2,2,'10',2,41,3,'2019-10-29 09:56:01',0),(1742,1,3,2,'8',2,41,3,'2019-10-29 09:56:01',0),(1743,1,1,2,'6',2,42,3,'2019-10-29 09:56:01',0),(1744,1,2,2,'10',2,42,3,'2019-10-29 09:56:01',0),(1745,1,3,2,'8',2,42,3,'2019-10-29 09:56:02',0),(1746,1,1,2,'8',2,43,3,'2019-10-29 09:56:02',0),(1747,1,2,2,'10',2,43,3,'2019-10-29 09:56:02',0),(1748,1,3,2,'9',2,43,3,'2019-10-29 09:56:02',0),(1749,1,1,2,'8',2,44,3,'2019-10-29 09:56:02',0),(1750,1,2,2,'10',2,44,3,'2019-10-29 09:56:02',0),(1751,1,3,2,'9',2,44,3,'2019-10-29 09:56:03',0),(1752,1,1,2,'10',2,45,3,'2019-10-29 09:56:03',0),(1753,1,2,2,'10',2,45,3,'2019-10-29 09:56:03',0),(1754,1,3,2,'10',2,45,3,'2019-10-29 09:56:03',0),(1755,1,1,2,'8',2,46,3,'2019-10-29 09:56:03',0),(1756,1,2,2,'8',2,46,3,'2019-10-29 09:56:04',0),(1757,1,3,2,'8',2,46,3,'2019-10-29 09:56:04',0),(1758,1,1,2,'6',2,47,3,'2019-10-29 09:56:04',0),(1759,1,2,2,'8',2,47,3,'2019-10-29 09:56:04',0),(1760,1,3,2,'7',2,47,3,'2019-10-29 09:56:04',0),(1761,1,1,2,'6',2,48,3,'2019-10-29 09:56:04',0),(1762,1,2,2,'6',2,48,3,'2019-10-29 09:56:04',0),(1763,1,3,2,'6',2,48,3,'2019-10-29 09:56:04',0),(1764,1,1,2,'10',2,49,3,'2019-10-29 09:56:05',0),(1765,1,2,2,'8',2,49,3,'2019-10-29 09:56:05',0),(1766,1,3,2,'9',2,49,3,'2019-10-29 09:56:05',0),(1767,1,1,2,'6',2,50,3,'2019-10-29 09:56:05',0),(1768,1,2,2,'8',2,50,3,'2019-10-29 09:56:05',0),(1769,1,3,2,'7',2,50,3,'2019-10-29 09:56:05',0),(1770,1,1,2,'6',2,51,3,'2019-10-29 09:56:05',0),(1771,1,2,2,'8',2,51,3,'2019-10-29 09:56:06',0),(1772,1,3,2,'7',2,51,3,'2019-10-29 09:56:06',0),(1773,1,1,2,'5',2,52,3,'2019-10-29 09:56:06',0),(1774,1,2,2,'5',2,52,3,'2019-10-29 09:56:06',0),(1775,1,3,2,'5',2,52,3,'2019-10-29 09:56:06',0),(1776,1,1,2,'8',2,53,3,'2019-10-29 09:56:06',0),(1777,1,2,2,'10',2,53,3,'2019-10-29 09:56:06',0),(1778,1,3,2,'9',2,53,3,'2019-10-29 09:56:06',0),(1779,1,1,2,'10',2,54,3,'2019-10-29 09:56:06',0),(1780,1,2,2,'8',2,54,3,'2019-10-29 09:56:06',0),(1781,1,3,2,'9',2,54,3,'2019-10-29 09:56:06',0),(1782,1,1,2,'6',2,55,3,'2019-10-29 09:56:07',0),(1783,1,2,2,'6',2,55,3,'2019-10-29 09:56:07',0),(1784,1,3,2,'6',2,55,3,'2019-10-29 09:56:07',0),(1785,1,1,2,'8',2,56,3,'2019-10-29 09:56:07',0),(1786,1,2,2,'10',2,56,3,'2019-10-29 09:56:07',0),(1787,1,3,2,'9',2,56,3,'2019-10-29 09:56:07',0),(1788,1,1,2,'10',2,57,3,'2019-10-29 09:56:08',0),(1789,1,2,2,'10',2,57,3,'2019-10-29 09:56:08',0),(1790,1,3,2,'10',2,57,3,'2019-10-29 09:56:08',0),(1791,1,1,2,'10',2,58,3,'2019-10-29 09:56:08',0),(1792,1,2,2,'10',2,58,3,'2019-10-29 09:56:08',0),(1793,1,3,2,'10',2,58,3,'2019-10-29 09:56:08',0),(1794,1,1,2,'8',2,59,3,'2019-10-29 09:56:08',0),(1795,1,2,2,'10',2,59,3,'2019-10-29 09:56:08',0),(1796,1,3,2,'9',2,59,3,'2019-10-29 09:56:08',0),(1797,1,1,2,'5',2,60,3,'2019-10-29 09:56:09',0),(1798,1,2,2,'6',2,60,3,'2019-10-29 09:56:09',0),(1799,1,3,2,'5.5',2,60,3,'2019-10-29 09:56:09',0),(1800,1,1,2,'10',2,61,3,'2019-10-29 09:56:09',0),(1801,1,2,2,'10',2,61,3,'2019-10-29 09:56:09',0),(1802,1,3,2,'10',2,61,3,'2019-10-29 09:56:09',0),(1803,1,1,2,'5',2,62,3,'2019-10-29 09:56:10',0),(1804,1,2,2,'10',2,62,3,'2019-10-29 09:56:10',0),(1805,1,3,2,'7.5',2,62,3,'2019-10-29 09:56:10',0),(1818,1,1,2,'13',3,8,3,'2019-10-29 09:56:25',0),(1819,1,2,2,'11',3,8,3,'2019-10-29 09:56:25',0),(1820,1,3,2,'12',3,8,3,'2019-10-29 09:56:25',0),(1836,1,1,2,'9',3,14,3,'2019-10-29 09:56:26',0),(1837,1,2,2,'10',3,14,3,'2019-10-29 09:56:26',0),(1838,1,3,2,'9.5',3,14,3,'2019-10-29 09:56:26',0),(1866,1,1,2,'8',3,24,3,'2019-10-29 09:56:27',0),(1867,1,2,2,'11',3,24,3,'2019-10-29 09:56:27',0),(1868,1,3,2,'9.5',3,24,3,'2019-10-29 09:56:27',0),(1872,1,1,2,'8',3,26,3,'2019-10-29 09:56:28',0),(1873,1,2,2,'10',3,26,3,'2019-10-29 09:56:28',0),(1874,1,3,2,'9',3,26,3,'2019-10-29 09:56:28',0),(1884,1,1,2,'11',3,30,3,'2019-10-29 09:56:28',0),(1885,1,2,2,'11',3,30,3,'2019-10-29 09:56:28',0),(1886,1,3,2,'11',3,30,3,'2019-10-29 09:56:29',0),(1890,1,1,2,'8',3,32,3,'2019-10-29 09:56:29',0),(1891,1,2,2,'8',3,32,3,'2019-10-29 09:56:29',0),(1892,1,3,2,'8',3,32,3,'2019-10-29 09:56:29',0),(1902,1,1,2,'13',3,36,3,'2019-10-29 09:56:30',0),(1903,1,2,2,'10',3,36,3,'2019-10-29 09:56:30',0),(1904,1,3,2,'11.5',3,36,3,'2019-10-29 09:56:30',0),(1911,1,1,2,'8',3,39,3,'2019-10-29 09:56:30',0),(1912,1,2,2,'8',3,39,3,'2019-10-29 09:56:30',0),(1913,1,3,2,'8',3,39,3,'2019-10-29 09:56:30',0),(1926,1,1,2,'7',3,44,3,'2019-10-29 09:56:31',0),(1927,1,2,2,'8',3,44,3,'2019-10-29 09:56:31',0),(1928,1,3,2,'7.5',3,44,3,'2019-10-29 09:56:31',0),(1932,1,1,2,'13',3,46,3,'2019-10-29 09:56:31',0),(1933,1,2,2,'10',3,46,3,'2019-10-29 09:56:31',0),(1934,1,3,2,'11.5',3,46,3,'2019-10-29 09:56:32',0),(1938,1,1,2,'11',3,48,3,'2019-10-29 09:56:32',0),(1939,1,2,2,'10',3,48,3,'2019-10-29 09:56:32',0),(1940,1,3,2,'10.5',3,48,3,'2019-10-29 09:56:32',0),(1950,1,1,2,'13',3,52,3,'2019-10-29 09:56:32',0),(1951,1,2,2,'10',3,52,3,'2019-10-29 09:56:33',0),(1952,1,3,2,'11.5',3,52,3,'2019-10-29 09:56:33',0),(1953,1,1,2,'9',3,53,3,'2019-10-29 09:56:33',0),(1954,1,2,2,'8',3,53,3,'2019-10-29 09:56:33',0),(1955,1,3,2,'8.5',3,53,3,'2019-10-29 09:56:33',0),(1956,1,1,2,'7',3,54,3,'2019-10-29 09:56:33',0),(1957,1,2,2,'7',3,54,3,'2019-10-29 09:56:33',0),(1958,1,3,2,'7',3,54,3,'2019-10-29 09:56:33',0),(1962,1,1,2,'7',3,56,3,'2019-10-29 09:56:33',0),(1963,1,2,2,'8',3,56,3,'2019-10-29 09:56:33',0),(1964,1,3,2,'7.5',3,56,3,'2019-10-29 09:56:33',0),(1968,1,1,2,'9',3,58,3,'2019-10-29 09:56:33',0),(1969,1,2,2,'10',3,58,3,'2019-10-29 09:56:34',0),(1970,1,3,2,'9.5',3,58,3,'2019-10-29 09:56:34',0),(1971,1,1,2,'11',3,59,3,'2019-10-29 09:56:34',0),(1972,1,2,2,'10',3,59,3,'2019-10-29 09:56:34',0),(1973,1,3,2,'10.5',3,59,3,'2019-10-29 09:56:34',0),(1980,1,1,2,'11',3,62,3,'2019-10-29 09:56:34',0),(1981,1,2,2,'8',3,62,3,'2019-10-29 09:56:34',0),(1982,1,3,2,'9.5',3,62,3,'2019-10-29 09:56:34',0),(1983,2,1,2,'18',1,4,3,'2019-10-29 10:04:28',0),(1984,2,2,2,'0',1,4,3,'2019-10-29 10:04:28',0),(1985,2,3,2,'4',1,4,3,'2019-10-29 10:04:28',0),(1986,2,1,2,'11',1,5,3,'2019-10-29 10:04:28',0),(1987,2,2,2,'10',1,5,3,'2019-10-29 10:04:28',0),(1988,2,3,2,'10',1,5,3,'2019-10-29 10:04:28',0),(1989,2,1,2,'12',1,6,3,'2019-10-29 10:04:29',0),(1990,2,2,2,'13',1,6,3,'2019-10-29 10:04:29',0),(1991,2,3,2,'11.5',1,6,3,'2019-10-29 10:04:29',0),(1992,2,1,2,'16',1,7,3,'2019-10-29 10:04:29',0),(1993,2,2,2,'8',1,7,3,'2019-10-29 10:04:29',0),(1994,2,3,2,'9',1,7,3,'2019-10-29 10:04:29',0),(1995,2,1,2,'20',1,8,3,'2019-10-29 10:04:29',0),(1996,2,2,2,'3',1,8,3,'2019-10-29 10:04:29',0),(1997,2,3,2,'0',1,8,3,'2019-10-29 10:04:29',0),(1998,2,1,2,'15',1,9,3,'2019-10-29 10:04:29',0),(1999,2,2,2,'8',1,9,3,'2019-10-29 10:04:29',0),(2000,2,3,2,'8',1,9,3,'2019-10-29 10:04:29',0),(2001,2,1,2,'12',1,10,3,'2019-10-29 10:04:29',0),(2002,2,2,2,'10',1,10,3,'2019-10-29 10:04:29',0),(2003,2,3,2,'10',1,10,3,'2019-10-29 10:04:29',0),(2004,2,1,2,'3',1,11,3,'2019-10-29 10:04:29',0),(2005,2,2,2,'8',1,11,3,'2019-10-29 10:04:29',0),(2006,2,3,2,'4',1,11,3,'2019-10-29 10:04:29',0),(2007,2,1,2,'4',1,12,3,'2019-10-29 10:04:30',0),(2008,2,2,2,'8',1,12,3,'2019-10-29 10:04:30',0),(2009,2,3,2,'10',1,12,3,'2019-10-29 10:04:30',0),(2010,2,1,2,'6',1,13,3,'2019-10-29 10:04:30',0),(2011,2,2,2,'10',1,13,3,'2019-10-29 10:04:30',0),(2012,2,3,2,'13',1,13,3,'2019-10-29 10:04:30',0),(2013,2,1,2,'10',1,14,3,'2019-10-29 10:04:30',0),(2014,2,2,2,'10',1,14,3,'2019-10-29 10:04:30',0),(2015,2,3,2,'10',1,14,3,'2019-10-29 10:04:30',0),(2016,2,1,2,'8',1,15,3,'2019-10-29 10:04:30',0),(2017,2,2,2,'10',1,15,3,'2019-10-29 10:04:30',0),(2018,2,3,2,'10',1,15,3,'2019-10-29 10:04:30',0),(2019,2,1,2,'12',1,16,3,'2019-10-29 10:04:30',0),(2020,2,2,2,'0',1,16,3,'2019-10-29 10:04:30',0),(2021,2,3,2,'4',1,16,3,'2019-10-29 10:04:30',0),(2022,2,1,2,'15',1,17,3,'2019-10-29 10:04:30',0),(2023,2,2,2,'10',1,17,3,'2019-10-29 10:04:30',0),(2024,2,3,2,'9',1,17,3,'2019-10-29 10:04:30',0),(2025,2,1,2,'13',1,18,3,'2019-10-29 10:04:30',0),(2026,2,2,2,'5',1,18,3,'2019-10-29 10:04:31',0),(2027,2,3,2,'7.5',1,18,3,'2019-10-29 10:04:31',0),(2028,2,1,2,'17',1,19,3,'2019-10-29 10:04:31',0),(2029,2,2,2,'10',1,19,3,'2019-10-29 10:04:31',0),(2030,2,3,2,'11.5',1,19,3,'2019-10-29 10:04:31',0),(2031,2,1,2,'17',1,20,3,'2019-10-29 10:04:31',0),(2032,2,2,2,'10',1,20,3,'2019-10-29 10:04:31',0),(2033,2,3,2,'10',1,20,3,'2019-10-29 10:04:31',0),(2034,2,1,2,'5',1,21,3,'2019-10-29 10:04:31',0),(2035,2,2,2,'8',1,21,3,'2019-10-29 10:04:31',0),(2036,2,3,2,'8',1,21,3,'2019-10-29 10:04:31',0),(2037,2,1,2,'6',1,22,3,'2019-10-29 10:04:31',0),(2038,2,2,2,'0',1,22,3,'2019-10-29 10:04:31',0),(2039,2,3,2,'4',1,22,3,'2019-10-29 10:04:31',0),(2040,2,1,2,'8',1,23,3,'2019-10-29 10:04:31',0),(2041,2,2,2,'10',1,23,3,'2019-10-29 10:04:31',0),(2042,2,3,2,'13',1,23,3,'2019-10-29 10:04:31',0),(2043,2,1,2,'8',1,24,3,'2019-10-29 10:04:31',0),(2044,2,2,2,'8',1,24,3,'2019-10-29 10:04:31',0),(2045,2,3,2,'8',1,24,3,'2019-10-29 10:04:32',0),(2046,2,1,2,'9',1,25,3,'2019-10-29 10:04:32',0),(2047,2,2,2,'8',1,25,3,'2019-10-29 10:04:32',0),(2048,2,3,2,'8',1,25,3,'2019-10-29 10:04:32',0),(2049,2,1,2,'11',1,26,3,'2019-10-29 10:04:32',0),(2050,2,2,2,'10',1,26,3,'2019-10-29 10:04:32',0),(2051,2,3,2,'10.5',1,26,3,'2019-10-29 10:04:32',0),(2052,2,1,2,'1',1,27,3,'2019-10-29 10:04:32',0),(2053,2,2,2,'10',1,27,3,'2019-10-29 10:04:32',0),(2054,2,3,2,'11.5',1,27,3,'2019-10-29 10:04:32',0),(2055,2,1,2,'1',1,28,3,'2019-10-29 10:04:32',0),(2056,2,2,2,'11',1,28,3,'2019-10-29 10:04:32',0),(2057,2,3,2,'12',1,28,3,'2019-10-29 10:04:32',0),(2058,2,1,2,'5',1,29,3,'2019-10-29 10:04:32',0),(2059,2,2,2,'8',1,29,3,'2019-10-29 10:04:32',0),(2060,2,3,2,'8',1,29,3,'2019-10-29 10:04:32',0),(2061,2,1,2,'0',1,30,3,'2019-10-29 10:04:32',0),(2062,2,2,2,'0',1,30,3,'2019-10-29 10:04:32',0),(2063,2,3,2,'0',1,30,3,'2019-10-29 10:04:33',0),(2064,2,1,2,'7',1,31,3,'2019-10-29 10:04:33',0),(2065,2,2,2,'10',1,31,3,'2019-10-29 10:04:33',0),(2066,2,3,2,'12',1,31,3,'2019-10-29 10:04:33',0),(2067,2,1,2,'17',1,32,3,'2019-10-29 10:04:33',0),(2068,2,2,2,'8',1,32,3,'2019-10-29 10:04:33',0),(2069,2,3,2,'12.5',1,32,3,'2019-10-29 10:04:33',0),(2070,2,1,2,'18',1,33,3,'2019-10-29 10:04:33',0),(2071,2,2,2,'7',1,33,3,'2019-10-29 10:04:33',0),(2072,2,3,2,'8.5',1,33,3,'2019-10-29 10:04:33',0),(2073,2,1,2,'17',1,34,3,'2019-10-29 10:04:33',0),(2074,2,2,2,'10',1,34,3,'2019-10-29 10:04:33',0),(2075,2,3,2,'11',1,34,3,'2019-10-29 10:04:33',0),(2076,2,1,2,'15',1,35,3,'2019-10-29 10:04:33',0),(2077,2,2,2,'10',1,35,3,'2019-10-29 10:04:33',0),(2078,2,3,2,'10',1,35,3,'2019-10-29 10:04:33',0),(2079,2,1,2,'8',1,36,3,'2019-10-29 10:04:33',0),(2080,2,2,2,'8',1,36,3,'2019-10-29 10:04:34',0),(2081,2,3,2,'8',1,36,3,'2019-10-29 10:04:34',0),(2082,2,1,2,'16',1,37,3,'2019-10-29 10:04:34',0),(2083,2,2,2,'6',1,37,3,'2019-10-29 10:04:34',0),(2084,2,3,2,'8',1,37,3,'2019-10-29 10:04:34',0),(2085,2,1,2,'5',1,38,3,'2019-10-29 10:04:34',0),(2086,2,2,2,'10',1,38,3,'2019-10-29 10:04:34',0),(2087,2,3,2,'10',1,38,3,'2019-10-29 10:04:34',0),(2088,2,1,2,'11',1,39,3,'2019-10-29 10:04:34',0),(2089,2,2,2,'10',1,39,3,'2019-10-29 10:04:34',0),(2090,2,3,2,'10.5',1,39,3,'2019-10-29 10:04:34',0),(2091,2,1,2,'10',1,40,3,'2019-10-29 10:04:34',0),(2092,2,2,2,'10',1,40,3,'2019-10-29 10:04:34',0),(2093,2,3,2,'11',1,40,3,'2019-10-29 10:04:34',0),(2094,2,1,2,'5',1,41,3,'2019-10-29 10:04:34',0),(2095,2,2,2,'8',1,41,3,'2019-10-29 10:04:34',0),(2096,2,3,2,'8',1,41,3,'2019-10-29 10:04:34',0),(2097,2,1,2,'6',1,42,3,'2019-10-29 10:04:34',0),(2098,2,2,2,'8',1,42,3,'2019-10-29 10:04:34',0),(2099,2,3,2,'8',1,42,3,'2019-10-29 10:04:34',0),(2100,2,1,2,'18',1,43,3,'2019-10-29 10:04:34',0),(2101,2,2,2,'10',1,43,3,'2019-10-29 10:04:35',0),(2102,2,3,2,'10',1,43,3,'2019-10-29 10:04:35',0),(2103,2,1,2,'10',1,44,3,'2019-10-29 10:04:35',0),(2104,2,2,2,'8',1,44,3,'2019-10-29 10:04:35',0),(2105,2,3,2,'9',1,44,3,'2019-10-29 10:04:35',0),(2106,2,1,2,'14',1,45,3,'2019-10-29 10:04:35',0),(2107,2,2,2,'8',1,45,3,'2019-10-29 10:04:35',0),(2108,2,3,2,'12.5',1,45,3,'2019-10-29 10:04:35',0),(2109,2,1,2,'10',1,46,3,'2019-10-29 10:04:35',0),(2110,2,2,2,'10',1,46,3,'2019-10-29 10:04:35',0),(2111,2,3,2,'10',1,46,3,'2019-10-29 10:04:35',0),(2112,2,1,2,'12',1,47,3,'2019-10-29 10:04:35',0),(2113,2,2,2,'8',1,47,3,'2019-10-29 10:04:35',0),(2114,2,3,2,'8',1,47,3,'2019-10-29 10:04:35',0),(2115,2,1,2,'8',1,48,3,'2019-10-29 10:04:35',0),(2116,2,2,2,'8',1,48,3,'2019-10-29 10:04:35',0),(2117,2,3,2,'8',1,48,3,'2019-10-29 10:04:35',0),(2118,2,1,2,'14',1,49,3,'2019-10-29 10:04:35',0),(2119,2,2,2,'8',1,49,3,'2019-10-29 10:04:35',0),(2120,2,3,2,'12.5',1,49,3,'2019-10-29 10:04:36',0),(2121,2,1,2,'8',1,50,3,'2019-10-29 10:04:36',0),(2122,2,2,2,'8',1,50,3,'2019-10-29 10:04:36',0),(2123,2,3,2,'9.5',1,50,3,'2019-10-29 10:04:36',0),(2124,2,1,2,'8',1,51,3,'2019-10-29 10:04:36',0),(2125,2,2,2,'6',1,51,3,'2019-10-29 10:04:36',0),(2126,2,3,2,'7',1,51,3,'2019-10-29 10:04:36',0),(2127,2,1,2,'8',1,52,3,'2019-10-29 10:04:36',0),(2128,2,2,2,'8',1,52,3,'2019-10-29 10:04:36',0),(2129,2,3,2,'8',1,52,3,'2019-10-29 10:04:36',0),(2130,2,1,2,'6',1,53,3,'2019-10-29 10:04:36',0),(2131,2,2,2,'8',1,53,3,'2019-10-29 10:04:36',0),(2132,2,3,2,'7',1,53,3,'2019-10-29 10:04:36',0),(2133,2,1,2,'10',1,54,3,'2019-10-29 10:04:36',0),(2134,2,2,2,'8',1,54,3,'2019-10-29 10:04:36',0),(2135,2,3,2,'9',1,54,3,'2019-10-29 10:04:36',0),(2136,2,1,2,'3',1,55,3,'2019-10-29 10:04:36',0),(2137,2,2,2,'8',1,55,3,'2019-10-29 10:04:36',0),(2138,2,3,2,'10.5',1,55,3,'2019-10-29 10:04:36',0),(2139,2,1,2,'7',1,56,3,'2019-10-29 10:04:37',0),(2140,2,2,2,'7',1,56,3,'2019-10-29 10:04:37',0),(2141,2,3,2,'7',1,56,3,'2019-10-29 10:04:37',0),(2142,2,1,2,'18',1,57,3,'2019-10-29 10:04:37',0),(2143,2,2,2,'8',1,57,3,'2019-10-29 10:04:37',0),(2144,2,3,2,'8',1,57,3,'2019-10-29 10:04:37',0),(2145,2,1,2,'14',1,58,3,'2019-10-29 10:04:37',0),(2146,2,2,2,'10',1,58,3,'2019-10-29 10:04:37',0),(2147,2,3,2,'12',1,58,3,'2019-10-29 10:04:37',0),(2148,2,1,2,'7',1,59,3,'2019-10-29 10:04:37',0),(2149,2,2,2,'8',1,59,3,'2019-10-29 10:04:37',0),(2150,2,3,2,'7.5',1,59,3,'2019-10-29 10:04:37',0),(2151,2,1,2,'10',1,60,3,'2019-10-29 10:04:37',0),(2152,2,2,2,'5',1,60,3,'2019-10-29 10:04:37',0),(2153,2,3,2,'6.5',1,60,3,'2019-10-29 10:04:37',0),(2154,2,1,2,'17',1,61,3,'2019-10-29 10:04:37',0),(2155,2,2,2,'10',1,61,3,'2019-10-29 10:04:37',0),(2156,2,3,2,'10',1,61,3,'2019-10-29 10:04:38',0),(2157,2,1,2,'8',1,62,3,'2019-10-29 10:04:38',0),(2158,2,2,2,'8',1,62,3,'2019-10-29 10:04:38',0),(2159,2,3,2,'8',1,62,3,'2019-10-29 10:04:38',0),(2160,2,1,2,'6',2,4,3,'2019-10-29 10:04:52',0),(2161,2,2,2,'8',2,4,3,'2019-10-29 10:04:52',0),(2162,2,3,2,'7',2,4,3,'2019-10-29 10:04:52',0),(2163,2,1,2,'10',2,5,3,'2019-10-29 10:04:52',0),(2164,2,2,2,'10',2,5,3,'2019-10-29 10:04:53',0),(2165,2,3,2,'10',2,5,3,'2019-10-29 10:04:53',0),(2166,2,1,2,'10',2,6,3,'2019-10-29 10:04:53',0),(2167,2,2,2,'10',2,6,3,'2019-10-29 10:04:53',0),(2168,2,3,2,'10',2,6,3,'2019-10-29 10:04:53',0),(2169,2,1,2,'16',2,7,3,'2019-10-29 10:04:53',0),(2170,2,2,2,'10',2,7,3,'2019-10-29 10:04:53',0),(2171,2,3,2,'10',2,7,3,'2019-10-29 10:04:53',0),(2172,2,1,2,'10',2,8,3,'2019-10-29 10:04:53',0),(2173,2,2,2,'10',2,8,3,'2019-10-29 10:04:53',0),(2174,2,3,2,'10',2,8,3,'2019-10-29 10:04:53',0),(2175,2,1,2,'6',2,9,3,'2019-10-29 10:04:53',0),(2176,2,2,2,'10',2,9,3,'2019-10-29 10:04:53',0),(2177,2,3,2,'8',2,9,3,'2019-10-29 10:04:53',0),(2178,2,1,2,'10',2,10,3,'2019-10-29 10:04:53',0),(2179,2,2,2,'10',2,10,3,'2019-10-29 10:04:53',0),(2180,2,3,2,'10',2,10,3,'2019-10-29 10:04:54',0),(2181,2,1,2,'8',2,11,3,'2019-10-29 10:04:54',0),(2182,2,2,2,'8',2,11,3,'2019-10-29 10:04:54',0),(2183,2,3,2,'8',2,11,3,'2019-10-29 10:04:54',0),(2184,2,1,2,'10',2,12,3,'2019-10-29 10:04:54',0),(2185,2,2,2,'10',2,12,3,'2019-10-29 10:04:54',0),(2186,2,3,2,'10',2,12,3,'2019-10-29 10:04:54',0),(2187,2,1,2,'10',2,13,3,'2019-10-29 10:04:54',0),(2188,2,2,2,'10',2,13,3,'2019-10-29 10:04:54',0),(2189,2,3,2,'10',2,13,3,'2019-10-29 10:04:54',0),(2190,2,1,2,'8',2,14,3,'2019-10-29 10:04:54',0),(2191,2,2,2,'10',2,14,3,'2019-10-29 10:04:54',0),(2192,2,3,2,'9',2,14,3,'2019-10-29 10:04:54',0),(2193,2,1,2,'6',2,15,3,'2019-10-29 10:04:54',0),(2194,2,2,2,'10',2,15,3,'2019-10-29 10:04:54',0),(2195,2,3,2,'8',2,15,3,'2019-10-29 10:04:54',0),(2196,2,1,2,'0',2,16,3,'2019-10-29 10:04:54',0),(2197,2,2,2,'0',2,16,3,'2019-10-29 10:04:55',0),(2198,2,3,2,'0',2,16,3,'2019-10-29 10:04:55',0),(2199,2,1,2,'6',2,17,3,'2019-10-29 10:04:55',0),(2200,2,2,2,'6',2,17,3,'2019-10-29 10:04:55',0),(2201,2,3,2,'6',2,17,3,'2019-10-29 10:04:55',0),(2202,2,1,2,'5',2,18,3,'2019-10-29 10:04:55',0),(2203,2,2,2,'6',2,18,3,'2019-10-29 10:04:55',0),(2204,2,3,2,'5.5',2,18,3,'2019-10-29 10:04:55',0),(2205,2,1,2,'10',2,19,3,'2019-10-29 10:04:55',0),(2206,2,2,2,'10',2,19,3,'2019-10-29 10:04:55',0),(2207,2,3,2,'10',2,19,3,'2019-10-29 10:04:55',0),(2208,2,1,2,'10',2,20,3,'2019-10-29 10:04:55',0),(2209,2,2,2,'10',2,20,3,'2019-10-29 10:04:55',0),(2210,2,3,2,'10',2,20,3,'2019-10-29 10:04:55',0),(2211,2,1,2,'5',2,21,3,'2019-10-29 10:04:55',0),(2212,2,2,2,'5',2,21,3,'2019-10-29 10:04:55',0),(2213,2,3,2,'5',2,21,3,'2019-10-29 10:04:55',0),(2214,2,1,2,'5',2,22,3,'2019-10-29 10:04:55',0),(2215,2,2,2,'5',2,22,3,'2019-10-29 10:04:55',0),(2216,2,3,2,'5',2,22,3,'2019-10-29 10:04:55',0),(2217,2,1,2,'10',2,23,3,'2019-10-29 10:04:56',0),(2218,2,2,2,'10',2,23,3,'2019-10-29 10:04:56',0),(2219,2,3,2,'10',2,23,3,'2019-10-29 10:04:56',0),(2220,2,1,2,'5',2,24,3,'2019-10-29 10:04:56',0),(2221,2,2,2,'5',2,24,3,'2019-10-29 10:04:56',0),(2222,2,3,2,'5',2,24,3,'2019-10-29 10:04:56',0),(2223,2,1,2,'5',2,25,3,'2019-10-29 10:04:56',0),(2224,2,2,2,'5',2,25,3,'2019-10-29 10:04:56',0),(2225,2,3,2,'5',2,25,3,'2019-10-29 10:04:56',0),(2226,2,1,2,'10',2,26,3,'2019-10-29 10:04:56',0),(2227,2,2,2,'13',2,26,3,'2019-10-29 10:04:56',0),(2228,2,3,2,'11.5',2,26,3,'2019-10-29 10:04:56',0),(2229,2,1,2,'10',2,27,3,'2019-10-29 10:04:56',0),(2230,2,2,2,'10',2,27,3,'2019-10-29 10:04:56',0),(2231,2,3,2,'10',2,27,3,'2019-10-29 10:04:56',0),(2232,2,1,2,'8',2,28,3,'2019-10-29 10:04:56',0),(2233,2,2,2,'10',2,28,3,'2019-10-29 10:04:56',0),(2234,2,3,2,'9',2,28,3,'2019-10-29 10:04:56',0),(2235,2,1,2,'6',2,29,3,'2019-10-29 10:04:56',0),(2236,2,2,2,'6',2,29,3,'2019-10-29 10:04:57',0),(2237,2,3,2,'6',2,29,3,'2019-10-29 10:04:57',0),(2238,2,1,2,'3',2,30,3,'2019-10-29 10:04:57',0),(2239,2,2,2,'4',2,30,3,'2019-10-29 10:04:57',0),(2240,2,3,2,'3.5',2,30,3,'2019-10-29 10:04:57',0),(2241,2,1,2,'10',2,31,3,'2019-10-29 10:04:57',0),(2242,2,2,2,'10',2,31,3,'2019-10-29 10:04:57',0),(2243,2,3,2,'10',2,31,3,'2019-10-29 10:04:57',0),(2244,2,1,2,'10',2,32,3,'2019-10-29 10:04:57',0),(2245,2,2,2,'10',2,32,3,'2019-10-29 10:04:57',0),(2246,2,3,2,'10',2,32,3,'2019-10-29 10:04:57',0),(2247,2,1,2,'10',2,33,3,'2019-10-29 10:04:57',0),(2248,2,2,2,'10',2,33,3,'2019-10-29 10:04:57',0),(2249,2,3,2,'10',2,33,3,'2019-10-29 10:04:57',0),(2250,2,1,2,'8',2,34,3,'2019-10-29 10:04:57',0),(2251,2,2,2,'10',2,34,3,'2019-10-29 10:04:57',0),(2252,2,3,2,'9',2,34,3,'2019-10-29 10:04:57',0),(2253,2,1,2,'8',2,35,3,'2019-10-29 10:04:57',0),(2254,2,2,2,'10',2,35,3,'2019-10-29 10:04:57',0),(2255,2,3,2,'9',2,35,3,'2019-10-29 10:04:58',0),(2256,2,1,2,'6',2,36,3,'2019-10-29 10:04:58',0),(2257,2,2,2,'6',2,36,3,'2019-10-29 10:04:58',0),(2258,2,3,2,'6',2,36,3,'2019-10-29 10:04:58',0),(2259,2,1,2,'6',2,37,3,'2019-10-29 10:04:58',0),(2260,2,2,2,'6',2,37,3,'2019-10-29 10:04:58',0),(2261,2,3,2,'6',2,37,3,'2019-10-29 10:04:58',0),(2262,2,1,2,'10',2,38,3,'2019-10-29 10:04:58',0),(2263,2,2,2,'10',2,38,3,'2019-10-29 10:04:58',0),(2264,2,3,2,'10',2,38,3,'2019-10-29 10:04:58',0),(2265,2,1,2,'10',2,39,3,'2019-10-29 10:04:58',0),(2266,2,2,2,'10',2,39,3,'2019-10-29 10:04:58',0),(2267,2,3,2,'10',2,39,3,'2019-10-29 10:04:58',0),(2268,2,1,2,'10',2,40,3,'2019-10-29 10:04:58',0),(2269,2,2,2,'10',2,40,3,'2019-10-29 10:04:58',0),(2270,2,3,2,'10',2,40,3,'2019-10-29 10:04:58',0),(2271,2,1,2,'6',2,41,3,'2019-10-29 10:04:58',0),(2272,2,2,2,'10',2,41,3,'2019-10-29 10:04:58',0),(2273,2,3,2,'8',2,41,3,'2019-10-29 10:04:58',0),(2274,2,1,2,'6',2,42,3,'2019-10-29 10:04:59',0),(2275,2,2,2,'10',2,42,3,'2019-10-29 10:04:59',0),(2276,2,3,2,'8',2,42,3,'2019-10-29 10:04:59',0),(2277,2,1,2,'8',2,43,3,'2019-10-29 10:04:59',0),(2278,2,2,2,'10',2,43,3,'2019-10-29 10:04:59',0),(2279,2,3,2,'9',2,43,3,'2019-10-29 10:04:59',0),(2280,2,1,2,'8',2,44,3,'2019-10-29 10:04:59',0),(2281,2,2,2,'10',2,44,3,'2019-10-29 10:04:59',0),(2282,2,3,2,'9',2,44,3,'2019-10-29 10:04:59',0),(2283,2,1,2,'10',2,45,3,'2019-10-29 10:04:59',0),(2284,2,2,2,'10',2,45,3,'2019-10-29 10:04:59',0),(2285,2,3,2,'10',2,45,3,'2019-10-29 10:04:59',0),(2286,2,1,2,'8',2,46,3,'2019-10-29 10:04:59',0),(2287,2,2,2,'8',2,46,3,'2019-10-29 10:04:59',0),(2288,2,3,2,'8',2,46,3,'2019-10-29 10:04:59',0),(2289,2,1,2,'6',2,47,3,'2019-10-29 10:05:00',0),(2290,2,2,2,'8',2,47,3,'2019-10-29 10:05:00',0),(2291,2,3,2,'7',2,47,3,'2019-10-29 10:05:00',0),(2292,2,1,2,'6',2,48,3,'2019-10-29 10:05:00',0),(2293,2,2,2,'6',2,48,3,'2019-10-29 10:05:00',0),(2294,2,3,2,'6',2,48,3,'2019-10-29 10:05:00',0),(2295,2,1,2,'10',2,49,3,'2019-10-29 10:05:00',0),(2296,2,2,2,'8',2,49,3,'2019-10-29 10:05:00',0),(2297,2,3,2,'9',2,49,3,'2019-10-29 10:05:00',0),(2298,2,1,2,'6',2,50,3,'2019-10-29 10:05:00',0),(2299,2,2,2,'8',2,50,3,'2019-10-29 10:05:00',0),(2300,2,3,2,'7',2,50,3,'2019-10-29 10:05:00',0),(2301,2,1,2,'6',2,51,3,'2019-10-29 10:05:00',0),(2302,2,2,2,'8',2,51,3,'2019-10-29 10:05:00',0),(2303,2,3,2,'7',2,51,3,'2019-10-29 10:05:00',0),(2304,2,1,2,'5',2,52,3,'2019-10-29 10:05:00',0),(2305,2,2,2,'5',2,52,3,'2019-10-29 10:05:01',0),(2306,2,3,2,'5',2,52,3,'2019-10-29 10:05:01',0),(2307,2,1,2,'8',2,53,3,'2019-10-29 10:05:01',0),(2308,2,2,2,'10',2,53,3,'2019-10-29 10:05:01',0),(2309,2,3,2,'9',2,53,3,'2019-10-29 10:05:01',0),(2310,2,1,2,'10',2,54,3,'2019-10-29 10:05:01',0),(2311,2,2,2,'8',2,54,3,'2019-10-29 10:05:01',0),(2312,2,3,2,'9',2,54,3,'2019-10-29 10:05:01',0),(2313,2,1,2,'6',2,55,3,'2019-10-29 10:05:01',0),(2314,2,2,2,'6',2,55,3,'2019-10-29 10:05:01',0),(2315,2,3,2,'6',2,55,3,'2019-10-29 10:05:01',0),(2316,2,1,2,'8',2,56,3,'2019-10-29 10:05:01',0),(2317,2,2,2,'10',2,56,3,'2019-10-29 10:05:01',0),(2318,2,3,2,'9',2,56,3,'2019-10-29 10:05:01',0),(2319,2,1,2,'10',2,57,3,'2019-10-29 10:05:01',0),(2320,2,2,2,'10',2,57,3,'2019-10-29 10:05:01',0),(2321,2,3,2,'10',2,57,3,'2019-10-29 10:05:01',0),(2322,2,1,2,'10',2,58,3,'2019-10-29 10:05:02',0),(2323,2,2,2,'10',2,58,3,'2019-10-29 10:05:02',0),(2324,2,3,2,'10',2,58,3,'2019-10-29 10:05:02',0),(2325,2,1,2,'8',2,59,3,'2019-10-29 10:05:02',0),(2326,2,2,2,'10',2,59,3,'2019-10-29 10:05:02',0),(2327,2,3,2,'9',2,59,3,'2019-10-29 10:05:02',0),(2328,2,1,2,'5',2,60,3,'2019-10-29 10:05:02',0),(2329,2,2,2,'6',2,60,3,'2019-10-29 10:05:02',0),(2330,2,3,2,'5.5',2,60,3,'2019-10-29 10:05:02',0),(2331,2,1,2,'10',2,61,3,'2019-10-29 10:05:02',0),(2332,2,2,2,'10',2,61,3,'2019-10-29 10:05:02',0),(2333,2,3,2,'10',2,61,3,'2019-10-29 10:05:02',0),(2334,2,1,2,'5',2,62,3,'2019-10-29 10:05:02',0),(2335,2,2,2,'10',2,62,3,'2019-10-29 10:05:02',0),(2336,2,3,2,'7.5',2,62,3,'2019-10-29 10:05:02',0),(2337,2,1,2,'2',3,4,3,'2019-10-29 10:05:28',0),(2338,2,2,2,'10',3,4,3,'2019-10-29 10:05:28',0),(2339,2,3,2,'11',3,4,3,'2019-10-29 10:05:28',0),(2340,2,1,2,'19',3,5,3,'2019-10-29 10:05:28',0),(2341,2,2,2,'10',3,5,3,'2019-10-29 10:05:28',0),(2342,2,3,2,'11',3,5,3,'2019-10-29 10:05:28',0),(2343,2,1,2,'5',3,6,3,'2019-10-29 10:05:28',0),(2344,2,2,2,'10',3,6,3,'2019-10-29 10:05:28',0),(2345,2,3,2,'11',3,6,3,'2019-10-29 10:05:28',0),(2346,2,1,2,'0',3,7,3,'2019-10-29 10:05:28',0),(2347,2,2,2,'10',3,7,3,'2019-10-29 10:05:28',0),(2348,2,3,2,'11',3,7,3,'2019-10-29 10:05:28',0),(2349,2,1,2,'13',3,8,3,'2019-10-29 10:05:29',0),(2350,2,2,2,'11',3,8,3,'2019-10-29 10:05:29',0),(2351,2,3,2,'12',3,8,3,'2019-10-29 10:05:29',0),(2352,2,1,2,'11',3,9,3,'2019-10-29 10:05:29',0),(2353,2,2,2,'5',3,9,3,'2019-10-29 10:05:29',0),(2354,2,3,2,'6',3,9,3,'2019-10-29 10:05:29',0),(2355,2,1,2,'10',3,10,3,'2019-10-29 10:05:29',0),(2356,2,2,2,'8',3,10,3,'2019-10-29 10:05:29',0),(2357,2,3,2,'9',3,10,3,'2019-10-29 10:05:29',0),(2358,2,1,2,'0',3,11,3,'2019-10-29 10:05:29',0),(2359,2,2,2,'0',3,11,3,'2019-10-29 10:05:29',0),(2360,2,3,2,'0',3,11,3,'2019-10-29 10:05:29',0),(2361,2,1,2,'11',3,12,3,'2019-10-29 10:05:29',0),(2362,2,2,2,'10',3,12,3,'2019-10-29 10:05:29',0),(2363,2,3,2,'10.5',3,12,3,'2019-10-29 10:05:29',0),(2364,2,1,2,'10',3,13,3,'2019-10-29 10:05:30',0),(2365,2,2,2,'10',3,13,3,'2019-10-29 10:05:30',0),(2366,2,3,2,'10',3,13,3,'2019-10-29 10:05:30',0),(2367,2,1,2,'9',3,14,3,'2019-10-29 10:05:30',0),(2368,2,2,2,'10',3,14,3,'2019-10-29 10:05:30',0),(2369,2,3,2,'9.5',3,14,3,'2019-10-29 10:05:30',0),(2370,2,1,2,'13',3,15,3,'2019-10-29 10:05:30',0),(2371,2,2,2,'11',3,15,3,'2019-10-29 10:05:30',0),(2372,2,3,2,'12',3,15,3,'2019-10-29 10:05:30',0),(2373,2,1,2,'0',3,16,3,'2019-10-29 10:05:30',0),(2374,2,2,2,'0',3,16,3,'2019-10-29 10:05:30',0),(2375,2,3,2,'0',3,16,3,'2019-10-29 10:05:30',0),(2376,2,1,2,'10',3,17,3,'2019-10-29 10:05:30',0),(2377,2,2,2,'10',3,17,3,'2019-10-29 10:05:30',0),(2378,2,3,2,'10',3,17,3,'2019-10-29 10:05:30',0),(2379,2,1,2,'11',3,18,3,'2019-10-29 10:05:30',0),(2380,2,2,2,'11',3,18,3,'2019-10-29 10:05:30',0),(2381,2,3,2,'11',3,18,3,'2019-10-29 10:05:31',0),(2382,2,1,2,'10',3,19,3,'2019-10-29 10:05:31',0),(2383,2,2,2,'10',3,19,3,'2019-10-29 10:05:31',0),(2384,2,3,2,'10',3,19,3,'2019-10-29 10:05:31',0),(2385,2,1,2,'7',3,20,3,'2019-10-29 10:05:31',0),(2386,2,2,2,'10',3,20,3,'2019-10-29 10:05:31',0),(2387,2,3,2,'8.5',3,20,3,'2019-10-29 10:05:31',0),(2388,2,1,2,'10',3,21,3,'2019-10-29 10:05:31',0),(2389,2,2,2,'10',3,21,3,'2019-10-29 10:05:31',0),(2390,2,3,2,'10',3,21,3,'2019-10-29 10:05:31',0),(2391,2,1,2,'9',3,22,3,'2019-10-29 10:05:31',0),(2392,2,2,2,'10',3,22,3,'2019-10-29 10:05:32',0),(2393,2,3,2,'9.5',3,22,3,'2019-10-29 10:05:32',0),(2394,2,1,2,'11',3,23,3,'2019-10-29 10:05:32',0),(2395,2,2,2,'11',3,23,3,'2019-10-29 10:05:32',0),(2396,2,3,2,'11',3,23,3,'2019-10-29 10:05:32',0),(2397,2,1,2,'8',3,24,3,'2019-10-29 10:05:32',0),(2398,2,2,2,'11',3,24,3,'2019-10-29 10:05:32',0),(2399,2,3,2,'9.5',3,24,3,'2019-10-29 10:05:32',0),(2400,2,1,2,'10',3,25,3,'2019-10-29 10:05:32',0),(2401,2,2,2,'10',3,25,3,'2019-10-29 10:05:32',0),(2402,2,3,2,'10',3,25,3,'2019-10-29 10:05:33',0),(2403,2,1,2,'8',3,26,3,'2019-10-29 10:05:33',0),(2404,2,2,2,'10',3,26,3,'2019-10-29 10:05:33',0),(2405,2,3,2,'9',3,26,3,'2019-10-29 10:05:33',0),(2406,2,1,2,'9',3,27,3,'2019-10-29 10:05:33',0),(2407,2,2,2,'10',3,27,3,'2019-10-29 10:05:33',0),(2408,2,3,2,'9.5',3,27,3,'2019-10-29 10:05:33',0),(2409,2,1,2,'10',3,28,3,'2019-10-29 10:05:33',0),(2410,2,2,2,'10',3,28,3,'2019-10-29 10:05:33',0),(2411,2,3,2,'10',3,28,3,'2019-10-29 10:05:33',0),(2412,2,1,2,'12',3,29,3,'2019-10-29 10:05:33',0),(2413,2,2,2,'8',3,29,3,'2019-10-29 10:05:33',0),(2414,2,3,2,'10',3,29,3,'2019-10-29 10:05:34',0),(2415,2,1,2,'11',3,30,3,'2019-10-29 10:05:34',0),(2416,2,2,2,'11',3,30,3,'2019-10-29 10:05:34',0),(2417,2,3,2,'11',3,30,3,'2019-10-29 10:05:34',0),(2418,2,1,2,'8',3,31,3,'2019-10-29 10:05:34',0),(2419,2,2,2,'8',3,31,3,'2019-10-29 10:05:34',0),(2420,2,3,2,'8',3,31,3,'2019-10-29 10:05:34',0),(2421,2,1,2,'8',3,32,3,'2019-10-29 10:05:34',0),(2422,2,2,2,'8',3,32,3,'2019-10-29 10:05:34',0),(2423,2,3,2,'8',3,32,3,'2019-10-29 10:05:34',0),(2424,2,1,2,'5',3,33,3,'2019-10-29 10:05:34',0),(2425,2,2,2,'8',3,33,3,'2019-10-29 10:05:35',0),(2426,2,3,2,'6.5',3,33,3,'2019-10-29 10:05:35',0),(2427,2,1,2,'6',3,34,3,'2019-10-29 10:05:35',0),(2428,2,2,2,'8',3,34,3,'2019-10-29 10:05:35',0),(2429,2,3,2,'7',3,34,3,'2019-10-29 10:05:35',0),(2430,2,1,2,'6',3,35,3,'2019-10-29 10:05:35',0),(2431,2,2,2,'8',3,35,3,'2019-10-29 10:05:35',0),(2432,2,3,2,'7',3,35,3,'2019-10-29 10:05:35',0),(2433,2,1,2,'13',3,36,3,'2019-10-29 10:05:35',0),(2434,2,2,2,'10',3,36,3,'2019-10-29 10:05:35',0),(2435,2,3,2,'11.5',3,36,3,'2019-10-29 10:05:35',0),(2436,2,1,2,'8',3,37,3,'2019-10-29 10:05:36',0),(2437,2,2,2,'8',3,37,3,'2019-10-29 10:05:36',0),(2438,2,3,2,'8',3,37,3,'2019-10-29 10:05:36',0),(2439,2,1,2,'8',3,38,3,'2019-10-29 10:05:36',0),(2440,2,2,2,'8',3,38,3,'2019-10-29 10:05:36',0),(2441,2,3,2,'8',3,38,3,'2019-10-29 10:05:36',0),(2442,2,1,2,'8',3,39,3,'2019-10-29 10:05:36',0),(2443,2,2,2,'8',3,39,3,'2019-10-29 10:05:36',0),(2444,2,3,2,'8',3,39,3,'2019-10-29 10:05:36',0),(2445,2,1,2,'8',3,40,3,'2019-10-29 10:05:36',0),(2446,2,2,2,'6',3,40,3,'2019-10-29 10:05:37',0),(2447,2,3,2,'7',3,40,3,'2019-10-29 10:05:37',0),(2448,2,1,2,'9',3,41,3,'2019-10-29 10:05:37',0),(2449,2,2,2,'8',3,41,3,'2019-10-29 10:05:37',0),(2450,2,3,2,'8.5',3,41,3,'2019-10-29 10:05:37',0),(2451,2,1,2,'11',3,42,3,'2019-10-29 10:05:37',0),(2452,2,2,2,'10',3,42,3,'2019-10-29 10:05:37',0),(2453,2,3,2,'10.5',3,42,3,'2019-10-29 10:05:37',0),(2454,2,1,2,'13',3,43,3,'2019-10-29 10:05:37',0),(2455,2,2,2,'10',3,43,3,'2019-10-29 10:05:37',0),(2456,2,3,2,'11.5',3,43,3,'2019-10-29 10:05:37',0),(2457,2,1,2,'7',3,44,3,'2019-10-29 10:05:37',0),(2458,2,2,2,'8',3,44,3,'2019-10-29 10:05:37',0),(2459,2,3,2,'7.5',3,44,3,'2019-10-29 10:05:37',0),(2460,2,1,2,'11',3,45,3,'2019-10-29 10:05:37',0),(2461,2,2,2,'10',3,45,3,'2019-10-29 10:05:38',0),(2462,2,3,2,'10.5',3,45,3,'2019-10-29 10:05:38',0),(2463,2,1,2,'13',3,46,3,'2019-10-29 10:05:38',0),(2464,2,2,2,'10',3,46,3,'2019-10-29 10:05:38',0),(2465,2,3,2,'11.5',3,46,3,'2019-10-29 10:05:38',0),(2466,2,1,2,'10',3,47,3,'2019-10-29 10:05:38',0),(2467,2,2,2,'10',3,47,3,'2019-10-29 10:05:38',0),(2468,2,3,2,'10',3,47,3,'2019-10-29 10:05:38',0),(2469,2,1,2,'11',3,48,3,'2019-10-29 10:05:38',0),(2470,2,2,2,'10',3,48,3,'2019-10-29 10:05:39',0),(2471,2,3,2,'10.5',3,48,3,'2019-10-29 10:05:39',0),(2472,2,1,2,'10',3,49,3,'2019-10-29 10:05:39',0),(2473,2,2,2,'10',3,49,3,'2019-10-29 10:05:39',0),(2474,2,3,2,'10',3,49,3,'2019-10-29 10:05:39',0),(2475,2,1,2,'10',3,50,3,'2019-10-29 10:05:39',0),(2476,2,2,2,'8',3,50,3,'2019-10-29 10:05:39',0),(2477,2,3,2,'9',3,50,3,'2019-10-29 10:05:39',0),(2478,2,1,2,'11',3,51,3,'2019-10-29 10:05:39',0),(2479,2,2,2,'8',3,51,3,'2019-10-29 10:05:40',0),(2480,2,3,2,'9.5',3,51,3,'2019-10-29 10:05:40',0),(2481,2,1,2,'13',3,52,3,'2019-10-29 10:05:40',0),(2482,2,2,2,'10',3,52,3,'2019-10-29 10:05:40',0),(2483,2,3,2,'11.5',3,52,3,'2019-10-29 10:05:40',0),(2484,2,1,2,'9',3,53,3,'2019-10-29 10:05:40',0),(2485,2,2,2,'8',3,53,3,'2019-10-29 10:05:40',0),(2486,2,3,2,'8.5',3,53,3,'2019-10-29 10:05:40',0),(2487,2,1,2,'7',3,54,3,'2019-10-29 10:05:40',0),(2488,2,2,2,'7',3,54,3,'2019-10-29 10:05:40',0),(2489,2,3,2,'7',3,54,3,'2019-10-29 10:05:40',0),(2490,2,1,2,'5',3,55,3,'2019-10-29 10:05:40',0),(2491,2,2,2,'7',3,55,3,'2019-10-29 10:05:41',0),(2492,2,3,2,'6',3,55,3,'2019-10-29 10:05:41',0),(2493,2,1,2,'7',3,56,3,'2019-10-29 10:05:41',0),(2494,2,2,2,'8',3,56,3,'2019-10-29 10:05:41',0),(2495,2,3,2,'7.5',3,56,3,'2019-10-29 10:05:41',0),(2496,2,1,2,'10',3,57,3,'2019-10-29 10:05:41',0),(2497,2,2,2,'10',3,57,3,'2019-10-29 10:05:41',0),(2498,2,3,2,'10',3,57,3,'2019-10-29 10:05:41',0),(2499,2,1,2,'9',3,58,3,'2019-10-29 10:05:41',0),(2500,2,2,2,'10',3,58,3,'2019-10-29 10:05:41',0),(2501,2,3,2,'9.5',3,58,3,'2019-10-29 10:05:41',0),(2502,2,1,2,'11',3,59,3,'2019-10-29 10:05:41',0),(2503,2,2,2,'10',3,59,3,'2019-10-29 10:05:42',0),(2504,2,3,2,'10.5',3,59,3,'2019-10-29 10:05:42',0),(2505,2,1,2,'12',3,60,3,'2019-10-29 10:05:42',0),(2506,2,2,2,'10',3,60,3,'2019-10-29 10:05:42',0),(2507,2,3,2,'11',3,60,3,'2019-10-29 10:05:42',0),(2508,2,1,2,'7',3,61,3,'2019-10-29 10:05:42',0),(2509,2,2,2,'8',3,61,3,'2019-10-29 10:05:42',0),(2510,2,3,2,'7.5',3,61,3,'2019-10-29 10:05:42',0),(2511,2,1,2,'11',3,62,3,'2019-10-29 10:05:43',0),(2512,2,2,2,'8',3,62,3,'2019-10-29 10:05:43',0),(2513,2,3,2,'9.5',3,62,3,'2019-10-29 10:05:43',0),(2637,1,1,2,'12',3,4,3,'2019-11-01 12:08:49',0),(2638,1,2,2,'10',3,4,3,'2019-11-01 12:08:49',0),(2639,1,3,2,'11',3,4,3,'2019-11-01 12:08:49',0),(2640,1,1,2,'12',3,5,3,'2019-11-01 12:08:50',0),(2641,1,2,2,'10',3,5,3,'2019-11-01 12:08:50',0),(2642,1,3,2,'11',3,5,3,'2019-11-01 12:08:50',0),(2643,1,1,2,'12',3,6,3,'2019-11-01 12:08:50',0),(2644,1,2,2,'10',3,6,3,'2019-11-01 12:08:50',0),(2645,1,3,2,'11',3,6,3,'2019-11-01 12:08:50',0),(2646,1,1,2,'2',3,7,3,'2019-11-01 12:08:50',0),(2647,1,2,2,'10',3,7,3,'2019-11-01 12:08:50',0),(2648,1,3,2,'11',3,7,3,'2019-11-01 12:08:50',0),(2649,1,1,2,'7',3,9,3,'2019-11-01 12:08:51',0),(2650,1,2,2,'5',3,9,3,'2019-11-01 12:08:51',0),(2651,1,3,2,'6',3,9,3,'2019-11-01 12:08:51',0),(2652,1,1,2,'10',3,10,3,'2019-11-01 12:08:51',0),(2653,1,2,2,'8',3,10,3,'2019-11-01 12:08:51',0),(2654,1,3,2,'9',3,10,3,'2019-11-01 12:08:51',0),(2655,1,1,2,'0',3,11,3,'2019-11-01 12:08:52',0),(2656,1,2,2,'0',3,11,3,'2019-11-01 12:08:52',0),(2657,1,3,2,'0',3,11,3,'2019-11-01 12:08:52',0),(2658,1,1,2,'11',3,12,3,'2019-11-01 12:08:52',0),(2659,1,2,2,'10',3,12,3,'2019-11-01 12:08:52',0),(2660,1,3,2,'10.5',3,12,3,'2019-11-01 12:08:52',0),(2661,1,1,2,'10',3,13,3,'2019-11-01 12:08:52',0),(2662,1,2,2,'10',3,13,3,'2019-11-01 12:08:52',0),(2663,1,3,2,'10',3,13,3,'2019-11-01 12:08:52',0),(2664,1,1,2,'13',3,15,3,'2019-11-01 12:08:53',0),(2665,1,2,2,'11',3,15,3,'2019-11-01 12:08:53',0),(2666,1,3,2,'12',3,15,3,'2019-11-01 12:08:53',0),(2667,1,1,2,'0',3,16,3,'2019-11-01 12:08:53',0),(2668,1,2,2,'0',3,16,3,'2019-11-01 12:08:53',0),(2669,1,3,2,'0',3,16,3,'2019-11-01 12:08:53',0),(2670,1,1,2,'10',3,17,3,'2019-11-01 12:08:53',0),(2671,1,2,2,'10',3,17,3,'2019-11-01 12:08:53',0),(2672,1,3,2,'10',3,17,3,'2019-11-01 12:08:53',0),(2673,1,1,2,'11',3,18,3,'2019-11-01 12:08:54',0),(2674,1,2,2,'11',3,18,3,'2019-11-01 12:08:54',0),(2675,1,3,2,'11',3,18,3,'2019-11-01 12:08:54',0),(2676,1,1,2,'10',3,19,3,'2019-11-01 12:08:54',0),(2677,1,2,2,'10',3,19,3,'2019-11-01 12:08:54',0),(2678,1,3,2,'10',3,19,3,'2019-11-01 12:08:54',0),(2679,1,1,2,'7',3,20,3,'2019-11-01 12:08:54',0),(2680,1,2,2,'10',3,20,3,'2019-11-01 12:08:54',0),(2681,1,3,2,'18.5',3,20,3,'2019-11-01 12:08:54',0),(2682,1,1,2,'10',3,21,3,'2019-11-01 12:08:55',0),(2683,1,2,2,'10',3,21,3,'2019-11-01 12:08:55',0),(2684,1,3,2,'10',3,21,3,'2019-11-01 12:08:55',0),(2685,1,1,2,'9',3,22,3,'2019-11-01 12:08:55',0),(2686,1,2,2,'10',3,22,3,'2019-11-01 12:08:55',0),(2687,1,3,2,'9.5',3,22,3,'2019-11-01 12:08:55',0),(2688,1,1,2,'11',3,23,3,'2019-11-01 12:08:55',0),(2689,1,2,2,'11',3,23,3,'2019-11-01 12:08:55',0),(2690,1,3,2,'11',3,23,3,'2019-11-01 12:08:55',0),(2691,1,1,2,'10',3,25,3,'2019-11-01 12:08:56',0),(2692,1,2,2,'10',3,25,3,'2019-11-01 12:08:56',0),(2693,1,3,2,'10',3,25,3,'2019-11-01 12:08:56',0),(2694,1,1,2,'9',3,27,3,'2019-11-01 12:08:56',0),(2695,1,2,2,'10',3,27,3,'2019-11-01 12:08:56',0),(2696,1,3,2,'9.5',3,27,3,'2019-11-01 12:08:56',0),(2697,1,1,2,'10',3,28,3,'2019-11-01 12:08:56',0),(2698,1,2,2,'10',3,28,3,'2019-11-01 12:08:56',0),(2699,1,3,2,'10',3,28,3,'2019-11-01 12:08:56',0),(2700,1,1,2,'12',3,29,3,'2019-11-01 12:08:57',0),(2701,1,2,2,'8',3,29,3,'2019-11-01 12:08:57',0),(2702,1,3,2,'10',3,29,3,'2019-11-01 12:08:57',0),(2703,1,1,2,'8',3,31,3,'2019-11-01 12:08:57',0),(2704,1,2,2,'8',3,31,3,'2019-11-01 12:08:57',0),(2705,1,3,2,'8',3,31,3,'2019-11-01 12:08:57',0),(2706,1,1,2,'5',3,33,3,'2019-11-01 12:08:57',0),(2707,1,2,2,'8',3,33,3,'2019-11-01 12:08:57',0),(2708,1,3,2,'6.5',3,33,3,'2019-11-01 12:08:57',0),(2709,1,1,2,'6',3,34,3,'2019-11-01 12:08:58',0),(2710,1,2,2,'8',3,34,3,'2019-11-01 12:08:58',0),(2711,1,3,2,'7',3,34,3,'2019-11-01 12:08:58',0),(2712,1,1,2,'6',3,35,3,'2019-11-01 12:08:58',0),(2713,1,2,2,'8',3,35,3,'2019-11-01 12:08:58',0),(2714,1,3,2,'7',3,35,3,'2019-11-01 12:08:58',0),(2715,1,1,2,'8',3,37,3,'2019-11-01 12:08:58',0),(2716,1,2,2,'8',3,37,3,'2019-11-01 12:08:58',0),(2717,1,3,2,'8',3,37,3,'2019-11-01 12:08:58',0),(2718,1,1,2,'8',3,38,3,'2019-11-01 12:08:59',0),(2719,1,2,2,'8',3,38,3,'2019-11-01 12:08:59',0),(2720,1,3,2,'8',3,38,3,'2019-11-01 12:08:59',0),(2721,1,1,2,'8',3,40,3,'2019-11-01 12:08:59',0),(2722,1,2,2,'6',3,40,3,'2019-11-01 12:08:59',0),(2723,1,3,2,'7',3,40,3,'2019-11-01 12:08:59',0),(2724,1,1,2,'9',3,41,3,'2019-11-01 12:08:59',0),(2725,1,2,2,'8',3,41,3,'2019-11-01 12:08:59',0),(2726,1,3,2,'8.5',3,41,3,'2019-11-01 12:08:59',0),(2727,1,1,2,'11',3,42,3,'2019-11-01 12:09:00',0),(2728,1,2,2,'10',3,42,3,'2019-11-01 12:09:00',0),(2729,1,3,2,'10.5',3,42,3,'2019-11-01 12:09:00',0),(2730,1,1,2,'13',3,43,3,'2019-11-01 12:09:00',0),(2731,1,2,2,'10',3,43,3,'2019-11-01 12:09:00',0),(2732,1,3,2,'11.5',3,43,3,'2019-11-01 12:09:00',0),(2733,1,1,2,'11',3,45,3,'2019-11-01 12:09:00',0),(2734,1,2,2,'10',3,45,3,'2019-11-01 12:09:00',0),(2735,1,3,2,'10.5',3,45,3,'2019-11-01 12:09:01',0),(2736,1,1,2,'10',3,47,3,'2019-11-01 12:09:01',0),(2737,1,2,2,'10',3,47,3,'2019-11-01 12:09:01',0),(2738,1,3,2,'10',3,47,3,'2019-11-01 12:09:01',0),(2739,1,1,2,'10',3,49,3,'2019-11-01 12:09:01',0),(2740,1,2,2,'10',3,49,3,'2019-11-01 12:09:01',0),(2741,1,3,2,'10',3,49,3,'2019-11-01 12:09:01',0),(2742,1,1,2,'10',3,50,3,'2019-11-01 12:09:02',0),(2743,1,2,2,'8',3,50,3,'2019-11-01 12:09:02',0),(2744,1,3,2,'9',3,50,3,'2019-11-01 12:09:02',0),(2745,1,1,2,'11',3,51,3,'2019-11-01 12:09:02',0),(2746,1,2,2,'8',3,51,3,'2019-11-01 12:09:02',0),(2747,1,3,2,'9.5',3,51,3,'2019-11-01 12:09:02',0),(2748,1,1,2,'5',3,55,3,'2019-11-01 12:09:02',0),(2749,1,2,2,'7',3,55,3,'2019-11-01 12:09:02',0),(2750,1,3,2,'6',3,55,3,'2019-11-01 12:09:02',0),(2751,1,1,2,'10',3,57,3,'2019-11-01 12:09:02',0),(2752,1,2,2,'10',3,57,3,'2019-11-01 12:09:03',0),(2753,1,3,2,'10',3,57,3,'2019-11-01 12:09:03',0),(2754,1,1,2,'12',3,60,3,'2019-11-01 12:09:03',0),(2755,1,2,2,'10',3,60,3,'2019-11-01 12:09:03',0),(2756,1,3,2,'11',3,60,3,'2019-11-01 12:09:03',0),(2757,1,1,2,'7',3,61,3,'2019-11-01 12:09:03',0),(2758,1,2,2,'8',3,61,3,'2019-11-01 12:09:03',0),(2759,1,3,2,'7.5',3,61,3,'2019-11-01 12:09:03',0),(2760,1,1,2,'15',1,4,3,'2019-11-01 12:11:42',0),(2761,1,2,2,'7',1,4,3,'2019-11-01 12:11:42',0),(2762,1,3,2,'16',1,4,3,'2019-11-01 12:11:42',0),(2763,1,1,2,'8',1,5,3,'2019-11-01 12:11:42',0),(2764,1,2,2,'10',1,5,3,'2019-11-01 12:11:42',0),(2765,1,3,2,'10',1,5,3,'2019-11-01 12:11:43',0),(2766,1,1,2,'8',1,6,3,'2019-11-01 12:11:43',0),(2767,1,2,2,'13',1,6,3,'2019-11-01 12:11:43',0),(2768,1,3,2,'11.5',1,6,3,'2019-11-01 12:11:43',0),(2769,1,1,2,'8',1,7,3,'2019-11-01 12:11:43',0),(2770,1,2,2,'8',1,7,3,'2019-11-01 12:11:43',0),(2771,1,3,2,'9',1,7,3,'2019-11-01 12:11:44',0),(2772,1,1,2,'8',1,9,3,'2019-11-01 12:11:44',0),(2773,1,2,2,'8',1,9,3,'2019-11-01 12:11:44',0),(2774,1,3,2,'8',1,9,3,'2019-11-01 12:11:44',0),(2775,1,1,2,'8',1,10,3,'2019-11-01 12:11:44',0),(2776,1,2,2,'10',1,10,3,'2019-11-01 12:11:44',0),(2777,1,3,2,'10',1,10,3,'2019-11-01 12:11:44',0),(2778,1,1,2,'8',1,11,3,'2019-11-01 12:11:45',0),(2779,1,2,2,'8',1,11,3,'2019-11-01 12:11:45',0),(2780,1,3,2,'4',1,11,3,'2019-11-01 12:11:45',0),(2781,1,1,2,'8',1,12,3,'2019-11-01 12:11:45',0),(2782,1,2,2,'8',1,12,3,'2019-11-01 12:11:45',0),(2783,1,3,2,'10',1,12,3,'2019-11-01 12:11:45',0),(2784,1,1,2,'8',1,13,3,'2019-11-01 12:11:45',0),(2785,1,2,2,'10',1,13,3,'2019-11-01 12:11:45',0),(2786,1,3,2,'13',1,13,3,'2019-11-01 12:11:45',0),(2787,1,1,2,'8',1,15,3,'2019-11-01 12:11:46',0),(2788,1,2,2,'10',1,15,3,'2019-11-01 12:11:46',0),(2789,1,3,2,'10',1,15,3,'2019-11-01 12:11:46',0),(2790,1,1,2,'8',1,16,3,'2019-11-01 12:11:46',0),(2791,1,2,2,'0',1,16,3,'2019-11-01 12:11:46',0),(2792,1,3,2,'4',1,16,3,'2019-11-01 12:11:46',0),(2793,1,1,2,'8',1,17,3,'2019-11-01 12:11:46',0),(2794,1,2,2,'10',1,17,3,'2019-11-01 12:11:46',0),(2795,1,3,2,'9',1,17,3,'2019-11-01 12:11:47',0),(2796,1,1,2,'8',1,18,3,'2019-11-01 12:11:47',0),(2797,1,2,2,'5',1,18,3,'2019-11-01 12:11:47',0),(2798,1,3,2,'7.5',1,18,3,'2019-11-01 12:11:47',0),(2799,1,1,2,'8',1,19,3,'2019-11-01 12:11:47',0),(2800,1,2,2,'10',1,19,3,'2019-11-01 12:11:47',0),(2801,1,3,2,'11.5',1,19,3,'2019-11-01 12:11:47',0),(2802,1,1,2,'8',1,20,3,'2019-11-01 12:11:47',0),(2803,1,2,2,'10',1,20,3,'2019-11-01 12:11:48',0),(2804,1,3,2,'10',1,20,3,'2019-11-01 12:11:48',0),(2805,1,1,2,'8',1,21,3,'2019-11-01 12:11:48',0),(2806,1,2,2,'8',1,21,3,'2019-11-01 12:11:48',0),(2807,1,3,2,'8',1,21,3,'2019-11-01 12:11:48',0),(2808,1,1,2,'8',1,22,3,'2019-11-01 12:11:48',0),(2809,1,2,2,'0',1,22,3,'2019-11-01 12:11:48',0),(2810,1,3,2,'4',1,22,3,'2019-11-01 12:11:48',0),(2811,1,1,2,'8',1,23,3,'2019-11-01 12:11:48',0),(2812,1,2,2,'10',1,23,3,'2019-11-01 12:11:49',0),(2813,1,3,2,'13',1,23,3,'2019-11-01 12:11:49',0),(2814,1,1,2,'8',1,25,3,'2019-11-01 12:11:49',0),(2815,1,2,2,'8',1,25,3,'2019-11-01 12:11:49',0),(2816,1,3,2,'8',1,25,3,'2019-11-01 12:11:49',0),(2817,1,1,2,'8',1,27,3,'2019-11-01 12:11:49',0),(2818,1,2,2,'10',1,27,3,'2019-11-01 12:11:49',0),(2819,1,3,2,'11.5',1,27,3,'2019-11-01 12:11:49',0),(2820,1,1,2,'8',1,28,3,'2019-11-01 12:11:50',0),(2821,1,2,2,'11',1,28,3,'2019-11-01 12:11:50',0),(2822,1,3,2,'12',1,28,3,'2019-11-01 12:11:50',0),(2823,1,1,2,'8',1,29,3,'2019-11-01 12:11:50',0),(2824,1,2,2,'8',1,29,3,'2019-11-01 12:11:50',0),(2825,1,3,2,'8',1,29,3,'2019-11-01 12:11:50',0),(2826,1,1,2,'6',1,31,3,'2019-11-01 12:11:51',0),(2827,1,2,2,'10',1,31,3,'2019-11-01 12:11:51',0),(2828,1,3,2,'12',1,31,3,'2019-11-01 12:11:51',0),(2829,1,1,2,'8',1,33,3,'2019-11-01 12:11:51',0),(2830,1,2,2,'7',1,33,3,'2019-11-01 12:11:51',0),(2831,1,3,2,'8.5',1,33,3,'2019-11-01 12:11:51',0),(2832,1,1,2,'8',1,34,3,'2019-11-01 12:11:51',0),(2833,1,2,2,'10',1,34,3,'2019-11-01 12:11:51',0),(2834,1,3,2,'11',1,34,3,'2019-11-01 12:11:51',0),(2835,1,1,2,'8',1,35,3,'2019-11-01 12:11:52',0),(2836,1,2,2,'10',1,35,3,'2019-11-01 12:11:52',0),(2837,1,3,2,'10',1,35,3,'2019-11-01 12:11:52',0),(2838,1,1,2,'8',1,37,3,'2019-11-01 12:11:52',0),(2839,1,2,2,'6',1,37,3,'2019-11-01 12:11:52',0),(2840,1,3,2,'8',1,37,3,'2019-11-01 12:11:52',0),(2841,1,1,2,'8',1,38,3,'2019-11-01 12:11:52',0),(2842,1,2,2,'10',1,38,3,'2019-11-01 12:11:52',0),(2843,1,3,2,'10',1,38,3,'2019-11-01 12:11:52',0),(2844,1,1,2,'8',1,40,3,'2019-11-01 12:11:53',0),(2845,1,2,2,'10',1,40,3,'2019-11-01 12:11:53',0),(2846,1,3,2,'11',1,40,3,'2019-11-01 12:11:53',0),(2847,1,1,2,'8',1,41,3,'2019-11-01 12:11:53',0),(2848,1,2,2,'8',1,41,3,'2019-11-01 12:11:53',0),(2849,1,3,2,'8',1,41,3,'2019-11-01 12:11:53',0),(2850,1,1,2,'8',1,42,3,'2019-11-01 12:11:53',0),(2851,1,2,2,'8',1,42,3,'2019-11-01 12:11:53',0),(2852,1,3,2,'8',1,42,3,'2019-11-01 12:11:54',0),(2853,1,1,2,'8',1,43,3,'2019-11-01 12:11:54',0),(2854,1,2,2,'10',1,43,3,'2019-11-01 12:11:54',0),(2855,1,3,2,'10',1,43,3,'2019-11-01 12:11:54',0),(2856,1,1,2,'8',1,45,3,'2019-11-01 12:11:54',0),(2857,1,2,2,'8',1,45,3,'2019-11-01 12:11:54',0),(2858,1,3,2,'12.5',1,45,3,'2019-11-01 12:11:54',0),(2859,1,1,2,'8',1,47,3,'2019-11-01 12:11:54',0),(2860,1,2,2,'8',1,47,3,'2019-11-01 12:11:55',0),(2861,1,3,2,'8',1,47,3,'2019-11-01 12:11:55',0),(2862,1,1,2,'8',1,49,3,'2019-11-01 12:11:55',0),(2863,1,2,2,'8',1,49,3,'2019-11-01 12:11:55',0),(2864,1,3,2,'12.5',1,49,3,'2019-11-01 12:11:55',0),(2865,1,1,2,'8',1,50,3,'2019-11-01 12:11:55',0),(2866,1,2,2,'8',1,50,3,'2019-11-01 12:11:55',0),(2867,1,3,2,'9.5',1,50,3,'2019-11-01 12:11:55',0),(2868,1,1,2,'8',1,51,3,'2019-11-01 12:11:56',0),(2869,1,2,2,'6',1,51,3,'2019-11-01 12:11:56',0),(2870,1,3,2,'7',1,51,3,'2019-11-01 12:11:56',0),(2871,1,1,2,'8',1,55,3,'2019-11-01 12:11:56',0),(2872,1,2,2,'8',1,55,3,'2019-11-01 12:11:56',0),(2873,1,3,2,'10.5',1,55,3,'2019-11-01 12:11:56',0),(2874,1,1,2,'8',1,57,3,'2019-11-01 12:11:56',0),(2875,1,2,2,'8',1,57,3,'2019-11-01 12:11:56',0),(2876,1,3,2,'8',1,57,3,'2019-11-01 12:11:56',0),(2877,1,1,2,'8',1,60,3,'2019-11-01 12:11:57',0),(2878,1,2,2,'5',1,60,3,'2019-11-01 12:11:57',0),(2879,1,3,2,'6.5',1,60,3,'2019-11-01 12:11:57',0),(2883,1,1,2,'5',1,61,3,'2019-11-01 12:11:57',0),(2884,1,2,2,'5',1,61,3,'2019-11-01 12:11:57',0),(2885,1,3,2,'5',1,61,3,'2019-11-01 12:11:57',0),(2886,1,1,1,'0',3,8,3,'2019-11-25 09:07:27',0),(2887,1,2,1,'0',3,8,3,'2019-11-25 09:07:27',0),(2888,1,3,1,'0',3,8,3,'2019-11-25 09:07:27',0),(2889,1,1,1,'0',3,14,3,'2019-11-25 09:07:28',0),(2890,1,2,1,'0',3,14,3,'2019-11-25 09:07:28',0),(2891,1,3,1,'0',3,14,3,'2019-11-25 09:07:28',0),(2892,1,1,1,'0',3,24,3,'2019-11-25 09:07:28',0),(2893,1,2,1,'0',3,24,3,'2019-11-25 09:07:28',0),(2894,1,3,1,'0',3,24,3,'2019-11-25 09:07:28',0),(2895,1,1,1,'0',3,30,3,'2019-11-25 09:07:29',0),(2896,1,2,1,'0',3,30,3,'2019-11-25 09:07:29',0),(2897,1,3,1,'0',3,30,3,'2019-11-25 09:07:29',0),(2898,1,1,1,'0',3,39,3,'2019-11-25 09:07:29',0),(2899,1,2,1,'0',3,39,3,'2019-11-25 09:07:30',0),(2900,1,3,1,'0',3,39,3,'2019-11-25 09:07:30',0),(2901,1,1,1,'0',3,46,3,'2019-11-25 09:07:30',0),(2902,1,2,1,'0',3,46,3,'2019-11-25 09:07:30',0),(2903,1,3,1,'0',3,46,3,'2019-11-25 09:07:30',0),(2904,1,1,1,'0',3,54,3,'2019-11-25 09:07:31',0),(2905,1,2,1,'0',3,54,3,'2019-11-25 09:07:31',0),(2906,1,3,1,'0',3,54,3,'2019-11-25 09:07:31',0),(2907,1,1,1,'0',3,56,3,'2019-11-25 09:07:32',0),(2908,1,2,1,'0',3,56,3,'2019-11-25 09:07:32',0),(2909,1,3,1,'0',3,56,3,'2019-11-25 09:07:32',0),(2910,1,1,1,'0',3,59,3,'2019-11-25 09:07:32',0),(2911,1,2,1,'0',3,59,3,'2019-11-25 09:07:33',0),(2912,1,3,1,'0',3,59,3,'2019-11-25 09:07:33',0),(2913,1,1,1,'0',1,8,3,'2019-12-01 22:59:52',0),(2914,1,2,1,'0',1,8,3,'2019-12-01 22:59:52',0),(2915,1,3,1,'0',1,8,3,'2019-12-01 22:59:52',0),(2916,1,1,1,'0',1,14,3,'2019-12-01 22:59:53',0),(2917,1,2,1,'0',1,14,3,'2019-12-01 22:59:53',0),(2918,1,3,1,'0',1,14,3,'2019-12-01 22:59:53',0),(2919,1,1,1,'0',1,24,3,'2019-12-01 22:59:53',0),(2920,1,2,1,'0',1,24,3,'2019-12-01 22:59:53',0),(2921,1,3,1,'0',1,24,3,'2019-12-01 22:59:53',0),(2922,1,1,1,'0',1,30,3,'2019-12-01 22:59:53',0),(2923,1,2,1,'0',1,30,3,'2019-12-01 22:59:54',0),(2924,1,3,1,'0',1,30,3,'2019-12-01 22:59:54',0),(2925,1,1,1,'0',1,39,3,'2019-12-01 22:59:54',0),(2926,1,2,1,'0',1,39,3,'2019-12-01 22:59:54',0),(2927,1,3,1,'0',1,39,3,'2019-12-01 22:59:54',0),(2928,1,1,1,'0',1,46,3,'2019-12-01 22:59:54',0),(2929,1,2,1,'0',1,46,3,'2019-12-01 22:59:54',0),(2930,1,3,1,'0',1,46,3,'2019-12-01 22:59:54',0),(2931,1,1,1,'0',1,54,3,'2019-12-01 22:59:54',0),(2932,1,2,1,'0',1,54,3,'2019-12-01 22:59:55',0),(2933,1,3,1,'0',1,54,3,'2019-12-01 22:59:55',0),(2934,1,1,1,'0',1,56,3,'2019-12-01 22:59:55',0),(2935,1,2,1,'0',1,56,3,'2019-12-01 22:59:55',0),(2936,1,3,1,'0',1,56,3,'2019-12-01 22:59:55',0),(2937,1,1,1,'0',1,59,3,'2019-12-01 22:59:55',0),(2938,1,2,1,'0',1,59,3,'2019-12-01 22:59:55',0),(2939,1,3,1,'0',1,59,3,'2019-12-01 22:59:55',0),(2940,1,1,3,'2',1,73,3,'2019-12-11 15:46:51',0),(2941,1,2,3,'5',1,73,3,'2019-12-11 15:46:51',0),(2942,1,3,3,'9',1,73,3,'2019-12-11 15:46:51',0),(2943,1,1,3,'5',2,73,3,'2019-12-11 15:46:58',0),(2944,1,2,3,'5',2,73,3,'2019-12-11 15:46:58',0),(2945,1,3,3,'5',2,73,3,'2019-12-11 15:46:58',0),(2946,1,1,3,'6',3,73,3,'2019-12-11 15:47:07',0),(2947,1,2,3,'8',3,73,3,'2019-12-11 15:47:07',0),(2948,1,3,3,'9',3,73,3,'2019-12-11 15:47:07',0),(2949,2,1,3,'5',1,73,3,'2019-12-11 15:47:24',0),(2950,2,2,3,'3',1,73,3,'2019-12-11 15:47:24',0),(2951,2,3,3,'2',1,73,3,'2019-12-11 15:47:24',0),(2952,2,1,3,'2',2,73,3,'2019-12-11 15:47:30',0),(2953,2,2,3,'3',2,73,3,'2019-12-11 15:47:30',0),(2954,2,3,3,'4',2,73,3,'2019-12-11 15:47:30',0),(2955,2,1,3,'3',3,73,3,'2019-12-11 15:47:40',0),(2956,2,2,3,'4',3,73,3,'2019-12-11 15:47:40',0),(2957,2,3,3,'5',3,73,3,'2019-12-11 15:47:40',0),(2958,3,1,3,'12',1,73,3,'2019-12-11 15:48:04',0),(2959,3,2,3,'11',1,73,3,'2019-12-11 15:48:04',0),(2960,3,3,3,'20',1,73,3,'2019-12-11 15:48:04',0),(2961,3,1,3,'15',2,73,3,'2019-12-11 15:48:15',0),(2962,3,2,3,'14',2,73,3,'2019-12-11 15:48:15',0),(2963,3,3,3,'12',2,73,3,'2019-12-11 15:48:15',0),(2964,3,1,3,'10',3,73,3,'2019-12-11 15:48:28',0),(2965,3,2,3,'20',3,73,3,'2019-12-11 15:48:28',0),(2966,3,3,3,'18',3,73,3,'2019-12-11 15:48:28',0),(2967,1,1,4,'20',1,73,3,'2019-12-11 15:50:09',0),(2968,1,2,4,'16',1,73,3,'2019-12-11 15:50:09',0),(2969,1,3,4,'14',1,73,3,'2019-12-11 15:50:09',0),(2970,1,1,4,'18',2,73,3,'2019-12-11 15:50:26',0),(2971,1,2,4,'19',2,73,3,'2019-12-11 15:50:26',0),(2972,1,3,4,'11',2,73,3,'2019-12-11 15:50:26',0),(2973,1,1,4,'17',3,73,3,'2019-12-11 15:50:35',0),(2974,1,2,4,'12',3,73,3,'2019-12-11 15:50:35',0),(2975,1,3,4,'11',3,73,3,'2019-12-11 15:50:35',0),(2976,2,1,4,'14',1,73,3,'2019-12-11 15:50:56',0),(2977,2,2,4,'10',1,73,3,'2019-12-11 15:50:56',0),(2978,2,3,4,'11',1,73,3,'2019-12-11 15:50:56',0),(2979,2,1,4,'13',2,73,3,'2019-12-11 15:51:05',0),(2980,2,2,4,'10',2,73,3,'2019-12-11 15:51:05',0),(2981,2,3,4,'10',2,73,3,'2019-12-11 15:51:05',0),(2982,2,1,4,'0',3,73,3,'2019-12-11 15:51:22',0),(2983,2,2,4,'3',3,73,3,'2019-12-11 15:51:22',0),(2984,2,3,4,'7',3,73,3,'2019-12-11 15:51:22',0),(2985,3,1,5,'20',1,73,3,'2019-12-11 15:51:39',0),(2986,3,2,5,'20',1,73,3,'2019-12-11 15:51:39',0),(2987,3,3,5,'19',1,73,3,'2019-12-11 15:51:39',0),(2988,3,1,5,'13',2,73,3,'2019-12-11 15:51:48',0),(2989,3,2,5,'17',2,73,3,'2019-12-11 15:51:48',0),(2990,3,3,5,'19',2,73,3,'2019-12-11 15:51:48',0),(2991,3,1,5,'16',3,73,3,'2019-12-11 15:51:58',0),(2992,3,2,5,'19',3,73,3,'2019-12-11 15:51:58',0),(2993,3,3,5,'18',3,73,3,'2019-12-11 15:51:58',0),(2994,1,1,6,'12',1,74,3,'2019-12-14 09:49:51',0),(2995,1,2,6,'12',1,74,3,'2019-12-14 09:49:51',0),(2996,1,3,6,'12',1,74,3,'2019-12-14 09:49:51',0),(2997,1,1,6,'18',1,75,3,'2019-12-14 09:49:51',0),(2998,1,2,6,'19',1,75,3,'2019-12-14 09:49:51',0),(2999,1,3,6,'20',1,75,3,'2019-12-14 09:49:51',0),(3000,2,1,6,'0',1,74,3,'2019-12-14 09:50:14',0),(3001,2,2,6,'0',1,74,3,'2019-12-14 09:50:14',0),(3002,2,3,6,'12',1,74,3,'2019-12-14 09:50:14',0),(3003,2,1,6,'14',1,75,3,'2019-12-14 09:50:14',0),(3004,2,2,6,'17',1,75,3,'2019-12-14 09:50:14',0),(3005,2,3,6,'20',1,75,3,'2019-12-14 09:50:14',0),(3006,2,1,6,'12',2,74,3,'2019-12-14 09:50:35',0),(3007,2,2,6,'0',2,74,3,'2019-12-14 09:50:35',0),(3008,2,3,6,'0',2,74,3,'2019-12-14 09:50:35',0),(3009,2,1,6,'17',2,75,3,'2019-12-14 09:50:35',0),(3010,2,2,6,'19',2,75,3,'2019-12-14 09:50:35',0),(3011,2,3,6,'18',2,75,3,'2019-12-14 09:50:35',0),(3012,2,1,6,'0',3,74,3,'2019-12-14 09:50:54',0),(3013,2,2,6,'0',3,74,3,'2019-12-14 09:50:54',0),(3014,2,3,6,'12',3,74,3,'2019-12-14 09:50:54',0),(3015,2,1,6,'15',3,75,3,'2019-12-14 09:50:54',0),(3016,2,2,6,'19',3,75,3,'2019-12-14 09:50:54',0),(3017,2,3,6,'20',3,75,3,'2019-12-14 09:50:54',0),(3018,1,1,6,'12',2,74,3,'2019-12-14 09:51:18',0),(3019,1,2,6,'12',2,74,3,'2019-12-14 09:51:18',0),(3020,1,3,6,'12',2,74,3,'2019-12-14 09:51:18',0),(3021,1,1,6,'10',2,75,3,'2019-12-14 09:51:18',0),(3022,1,2,6,'10',2,75,3,'2019-12-14 09:51:18',0),(3023,1,3,6,'10',2,75,3,'2019-12-14 09:51:18',0),(3024,1,1,6,'12',3,74,3,'2019-12-14 09:51:29',0),(3025,1,2,6,'12',3,74,3,'2019-12-14 09:51:29',0),(3026,1,3,6,'12',3,74,3,'2019-12-14 09:51:29',0),(3027,1,1,6,'12',3,75,3,'2019-12-14 09:51:29',0),(3028,1,2,6,'12',3,75,3,'2019-12-14 09:51:29',0),(3029,1,3,6,'12',3,75,3,'2019-12-14 09:51:29',0),(3030,2,1,7,'0',1,74,3,'2019-12-14 09:52:07',0),(3031,2,2,7,'0',1,74,3,'2019-12-14 09:52:07',0),(3032,2,3,7,'0',1,74,3,'2019-12-14 09:52:07',0),(3033,2,1,7,'18',1,75,3,'2019-12-14 09:52:07',0),(3034,2,2,7,'13',1,75,3,'2019-12-14 09:52:07',0),(3035,2,3,7,'15',1,75,3,'2019-12-14 09:52:07',0),(3036,2,1,7,'12',2,74,3,'2019-12-14 09:52:20',0),(3037,2,2,7,'0',2,74,3,'2019-12-14 09:52:20',0),(3038,2,3,7,'0',2,74,3,'2019-12-14 09:52:20',0),(3039,2,1,7,'14',2,75,3,'2019-12-14 09:52:20',0),(3040,2,2,7,'15',2,75,3,'2019-12-14 09:52:20',0),(3041,2,3,7,'17',2,75,3,'2019-12-14 09:52:20',0),(3042,2,1,7,'0',3,74,3,'2019-12-14 09:52:32',0),(3043,2,2,7,'0',3,74,3,'2019-12-14 09:52:32',0),(3044,2,3,7,'0',3,74,3,'2019-12-14 09:52:32',0),(3045,2,1,7,'19',3,75,3,'2019-12-14 09:52:32',0),(3046,2,2,7,'15',3,75,3,'2019-12-14 09:52:32',0),(3047,2,3,7,'14',3,75,3,'2019-12-14 09:52:32',0),(3048,3,1,7,'12',1,74,3,'2019-12-14 09:52:51',0),(3049,3,2,7,'12',1,74,3,'2019-12-14 09:52:51',0),(3050,3,3,7,'12',1,74,3,'2019-12-14 09:52:51',0),(3051,3,1,7,'11',1,75,3,'2019-12-14 09:52:51',0),(3052,3,2,7,'17',1,75,3,'2019-12-14 09:52:51',0),(3053,3,3,7,'19',1,75,3,'2019-12-14 09:52:51',0),(3054,3,1,7,'12',2,74,3,'2019-12-14 09:53:04',0),(3055,3,2,7,'12',2,74,3,'2019-12-14 09:53:04',0),(3056,3,3,7,'12',2,74,3,'2019-12-14 09:53:04',0),(3057,3,1,7,'19',2,75,3,'2019-12-14 09:53:04',0),(3058,3,2,7,'18',2,75,3,'2019-12-14 09:53:04',0),(3059,3,3,7,'20',2,75,3,'2019-12-14 09:53:04',0),(3060,3,1,7,'12',3,74,3,'2019-12-14 09:53:17',0),(3061,3,2,7,'12',3,74,3,'2019-12-14 09:53:17',0),(3062,3,3,7,'12',3,74,3,'2019-12-14 09:53:17',0),(3063,3,1,7,'17',3,75,3,'2019-12-14 09:53:17',0),(3064,3,2,7,'15',3,75,3,'2019-12-14 09:53:17',0),(3065,3,3,7,'19',3,75,3,'2019-12-14 09:53:17',0),(3066,1,4,6,'12',1,74,3,'2019-12-14 10:11:03',0),(3067,1,4,6,'19',1,75,3,'2019-12-14 10:11:03',0),(3068,1,4,6,'12',2,74,3,'2019-12-14 10:12:18',0),(3069,1,4,6,'10',2,75,3,'2019-12-14 10:12:18',0),(3070,1,4,6,'12',3,74,3,'2019-12-14 10:12:27',0),(3071,1,4,6,'12',3,75,3,'2019-12-14 10:12:27',0),(3072,2,4,6,'4',1,74,3,'2019-12-15 19:06:03',0),(3073,2,4,6,'17',1,75,3,'2019-12-15 19:06:03',0),(3074,2,4,7,'0',1,74,3,'2019-12-15 19:06:39',0),(3075,2,4,7,'15.33',1,75,3,'2019-12-15 19:06:39',0),(3076,3,4,7,'12',1,74,3,'2019-12-15 19:06:49',0),(3077,3,4,7,'15.67',1,75,3,'2019-12-15 19:06:49',0),(3078,2,4,6,'4',2,74,3,'2019-12-15 22:13:49',0),(3079,2,4,6,'18',2,75,3,'2019-12-15 22:13:49',0),(3080,2,4,6,'4',3,74,3,'2019-12-15 22:14:04',0),(3081,2,4,6,'18',3,75,3,'2019-12-15 22:14:04',0),(3082,2,4,7,'4',2,74,3,'2019-12-15 22:14:18',0),(3083,2,4,7,'15.33',2,75,3,'2019-12-15 22:14:18',0),(3084,2,4,7,'0',3,74,3,'2019-12-15 22:14:25',0),(3085,2,4,7,'16',3,75,3,'2019-12-15 22:14:25',0),(3086,3,4,7,'12',2,74,3,'2019-12-15 22:15:11',0),(3087,3,4,7,'19',2,75,3,'2019-12-15 22:15:11',0),(3088,3,4,7,'12',3,74,3,'2019-12-15 22:15:18',0),(3089,3,4,7,'17',3,75,3,'2019-12-15 22:15:18',0),(3090,1,4,3,'5.3333333333333',1,73,3,'2019-12-16 11:01:42',0),(3127,1,1,3,'8',1,8,3,'2019-12-20 07:21:05',0),(3128,1,2,3,'0',1,8,3,'2019-12-20 07:21:05',0),(3129,1,3,3,'4',1,8,3,'2019-12-20 07:21:05',0),(3130,1,4,3,'4',1,8,3,'2019-12-20 07:21:05',0),(3131,1,1,3,'10',1,14,3,'2019-12-20 07:21:05',0),(3132,1,2,3,'10',1,14,3,'2019-12-20 07:21:05',0),(3133,1,3,3,'10',1,14,3,'2019-12-20 07:21:05',0),(3134,1,4,3,'10',1,14,3,'2019-12-20 07:21:05',0),(3135,1,1,3,'8',1,24,3,'2019-12-20 07:21:05',0),(3136,1,2,3,'8',1,24,3,'2019-12-20 07:21:05',0),(3137,1,3,3,'8',1,24,3,'2019-12-20 07:21:05',0),(3138,1,4,3,'8',1,24,3,'2019-12-20 07:21:05',0),(3139,1,1,3,'0',1,30,3,'2019-12-20 07:21:05',0),(3140,1,2,3,'0',1,30,3,'2019-12-20 07:21:05',0),(3141,1,3,3,'0',1,30,3,'2019-12-20 07:21:05',0),(3142,1,4,3,'0',1,30,3,'2019-12-20 07:21:05',0),(3143,1,1,3,'11',1,39,3,'2019-12-20 07:21:05',0),(3144,1,2,3,'10',1,39,3,'2019-12-20 07:21:05',0),(3145,1,3,3,'10.5',1,39,3,'2019-12-20 07:21:05',0),(3146,1,4,3,'10.5',1,39,3,'2019-12-20 07:21:05',0),(3147,1,1,3,'10',1,46,3,'2019-12-20 07:21:05',0),(3148,1,2,3,'10',1,46,3,'2019-12-20 07:21:05',0),(3149,1,3,3,'10',1,46,3,'2019-12-20 07:21:05',0),(3150,1,4,3,'10',1,46,3,'2019-12-20 07:21:05',0),(3151,1,1,3,'10',1,54,3,'2019-12-20 07:21:05',0),(3152,1,2,3,'8',1,54,3,'2019-12-20 07:21:05',0),(3153,1,3,3,'9',1,54,3,'2019-12-20 07:21:05',0),(3154,1,4,3,'9',1,54,3,'2019-12-20 07:21:05',0),(3155,1,1,3,'7',1,56,3,'2019-12-20 07:21:05',0),(3156,1,2,3,'7',1,56,3,'2019-12-20 07:21:05',0),(3157,1,3,3,'7',1,56,3,'2019-12-20 07:21:05',0),(3158,1,4,3,'7',1,56,3,'2019-12-20 07:21:05',0),(3159,1,1,3,'7',1,59,3,'2019-12-20 07:21:05',0),(3160,1,2,3,'8',1,59,3,'2019-12-20 07:21:05',0),(3161,1,3,3,'7.5',1,59,3,'2019-12-20 07:21:05',0),(3162,1,4,3,'7.5',1,59,3,'2019-12-20 07:21:05',0),(3219,2,1,1,'0',1,46,3,'2019-12-20 07:24:07',0),(3220,2,2,1,'0',1,46,3,'2019-12-20 07:24:07',0),(3221,2,3,1,'0',1,46,3,'2019-12-20 07:24:07',0),(3222,2,4,1,'0',1,46,3,'2019-12-20 07:24:07',0),(3307,2,1,1,'8',1,8,3,'2019-12-23 11:09:58',0),(3308,2,2,1,'0',1,8,3,'2019-12-23 11:09:58',0),(3309,2,3,1,'4',1,8,3,'2019-12-23 11:09:58',0),(3310,2,4,1,'4',1,8,3,'2019-12-23 11:09:58',0),(3311,2,1,1,'10',1,14,3,'2019-12-23 11:09:58',0),(3312,2,2,1,'10',1,14,3,'2019-12-23 11:09:58',0),(3313,2,3,1,'10',1,14,3,'2019-12-23 11:09:58',0),(3314,2,4,1,'10',1,14,3,'2019-12-23 11:09:58',0),(3315,2,1,1,'8',1,24,3,'2019-12-23 11:09:58',0),(3316,2,2,1,'8',1,24,3,'2019-12-23 11:09:58',0),(3317,2,3,1,'8',1,24,3,'2019-12-23 11:09:58',0),(3318,2,4,1,'8',1,24,3,'2019-12-23 11:09:58',0),(3319,2,1,1,'0',1,30,3,'2019-12-23 11:09:58',0),(3320,2,2,1,'0',1,30,3,'2019-12-23 11:09:58',0),(3321,2,3,1,'0',1,30,3,'2019-12-23 11:09:58',0),(3322,2,4,1,'0',1,30,3,'2019-12-23 11:09:58',0),(3323,2,1,1,'11',1,39,3,'2019-12-23 11:09:58',0),(3324,2,2,1,'10',1,39,3,'2019-12-23 11:09:58',0),(3325,2,3,1,'10.5',1,39,3,'2019-12-23 11:09:58',0),(3326,2,4,1,'10.5',1,39,3,'2019-12-23 11:09:58',0),(3327,2,1,1,'10',1,54,3,'2019-12-23 11:09:58',0),(3328,2,2,1,'8',1,54,3,'2019-12-23 11:09:58',0),(3329,2,3,1,'9',1,54,3,'2019-12-23 11:09:58',0),(3330,2,4,1,'9',1,54,3,'2019-12-23 11:09:58',0),(3331,2,1,1,'7',1,56,3,'2019-12-23 11:09:58',0),(3332,2,2,1,'7',1,56,3,'2019-12-23 11:09:58',0),(3333,2,3,1,'7',1,56,3,'2019-12-23 11:09:58',0),(3334,2,4,1,'7',1,56,3,'2019-12-23 11:09:58',0),(3335,2,1,1,'7',1,59,3,'2019-12-23 11:09:58',0),(3336,2,2,1,'8',1,59,3,'2019-12-23 11:09:58',0),(3337,2,3,1,'7.5',1,59,3,'2019-12-23 11:09:58',0),(3338,2,4,1,'7.5',1,59,3,'2019-12-23 11:09:58',0),(3339,2,1,1,'0',1,42,3,'2019-12-23 11:09:58',0),(3340,2,2,1,'0',1,42,3,'2019-12-23 11:09:58',0),(3341,2,3,1,'0',1,42,3,'2019-12-23 11:09:58',0),(3342,2,4,1,'0',1,42,3,'2019-12-23 11:09:58',0);
/*!40000 ALTER TABLE `avaliacoes` ENABLE KEYS */;
UNLOCK TABLES;

--
-- Table structure for table `classes`
--

DROP TABLE IF EXISTS `classes`;
/*!40101 SET @saved_cs_client     = @@character_set_client */;
/*!40101 SET character_set_client = utf8 */;
CREATE TABLE `classes` (
  `classe_id` int(11) NOT NULL AUTO_INCREMENT,
  `classe_nome` varchar(45) COLLATE utf8_bin DEFAULT NULL,
  `classe_descricao` text COLLATE utf8_bin,
  `classe_dataCriacao` varchar(50) COLLATE utf8_bin DEFAULT NULL,
  `classe_userCriador` int(11) DEFAULT NULL,
  `classe_deleted` int(11) DEFAULT '0',
  PRIMARY KEY (`classe_id`)
) ENGINE=InnoDB AUTO_INCREMENT=4 DEFAULT CHARSET=utf8 COLLATE=utf8_bin;
/*!40101 SET character_set_client = @saved_cs_client */;

--
-- Dumping data for table `classes`
--

LOCK TABLES `classes` WRITE;
/*!40000 ALTER TABLE `classes` DISABLE KEYS */;
INSERT INTO `classes` VALUES (1,'10ª Classe',NULL,NULL,NULL,0),(2,'11ª Classe',NULL,NULL,NULL,0),(3,'12ª Classe',NULL,NULL,NULL,0);
/*!40000 ALTER TABLE `classes` ENABLE KEYS */;
UNLOCK TABLES;

--
-- Table structure for table `config`
--

DROP TABLE IF EXISTS `config`;
/*!40101 SET @saved_cs_client     = @@character_set_client */;
/*!40101 SET character_set_client = utf8 */;
CREATE TABLE `config` (
  `config_id` int(11) NOT NULL AUTO_INCREMENT,
  `config_nomeEscola` varchar(45) COLLATE utf8_bin DEFAULT NULL,
  `config_emailEscola` varchar(45) COLLATE utf8_bin DEFAULT NULL,
  `config_emailPassword` varchar(45) COLLATE utf8_bin DEFAULT NULL,
  `config_deleted` int(11) DEFAULT '0',
  `config_defaultPassword` varchar(45) COLLATE utf8_bin DEFAULT NULL,
  `config_siglaEscola` varchar(45) COLLATE utf8_bin DEFAULT NULL,
  `config_docHeader` text COLLATE utf8_bin,
  `config_enderecoEscola` varchar(45) COLLATE utf8_bin DEFAULT NULL,
  `config_telEscola` varchar(45) COLLATE utf8_bin DEFAULT NULL,
  `config_diretorAdministrativo` varchar(45) COLLATE utf8_bin DEFAULT NULL,
  `config_diretorPedagogico` varchar(45) COLLATE utf8_bin DEFAULT NULL,
  `config_nProcessInicio` varchar(45) COLLATE utf8_bin DEFAULT NULL,
  PRIMARY KEY (`config_id`)
) ENGINE=InnoDB AUTO_INCREMENT=6 DEFAULT CHARSET=utf8 COLLATE=utf8_bin;
/*!40101 SET character_set_client = @saved_cs_client */;

--
-- Dumping data for table `config`
--

LOCK TABLES `config` WRITE;
/*!40000 ALTER TABLE `config` DISABLE KEYS */;
INSERT INTO `config` VALUES (1,'INSTITUTO DE TELECOMUNICAÇÕES','itel@gescola.com','itel@2020',0,'12345678','ITEL','REPÚBLICA DE ANGOLA','Bairro CTT, Rangel; Luanda - Angola','222 270 890','JOSÉ CARVALHO DA ROCHA','CARLOS SEBASTIÃO','40444'),(2,'INSTITUTO DE TELECOMUNICAÇÕES','itel@gescola.com','',0,'','ITEL','','Bairro CTT, Rangel; Luanda - Angola','+244 (222) 708 943','JOSÉ CARVALHO DA ROCHA','CARLOS SEBASTIÃO','40444'),(3,'INSTITUTO DE TELECOMUNICAÇÕES','itel@gescola.com','',0,'','ITEL','','Bairro CTT, Rangel; Luanda - Angola','+244 (222) 708 943','JOSÉ CARVALHO DA ROCHA','CARLOS SEBASTIÃO','40444'),(4,'INSTITUTO DE TELECOMUNICAÇÕES G','intel@gescola.com','',0,'','2020-01-15','','Bairro CTT, Rangel; Luanda - Angola2','+244 (222) 708 943','JOSÉ CARVALHO DA ROCHADOR','CARLOS SEBASTIÃODOR','40444'),(5,'INSTITUTO DE TELECOMUNICAÇÕES G','intel@gescola.com','',0,'','INTEL','','Bairro CTT, Rangel; Luanda - Angola2','+244 (222) 708 943','JOSÉ CARVALHO DA ROCHADOR','CARLOS SEBASTIÃODOR','40444');
/*!40000 ALTER TABLE `config` ENABLE KEYS */;
UNLOCK TABLES;

--
-- Table structure for table `cursos`
--

DROP TABLE IF EXISTS `cursos`;
/*!40101 SET @saved_cs_client     = @@character_set_client */;
/*!40101 SET character_set_client = utf8 */;
CREATE TABLE `cursos` (
  `curso_id` int(11) NOT NULL AUTO_INCREMENT,
  `curso_nome` varchar(45) COLLATE utf8_bin DEFAULT NULL,
  `curso_descricao` text COLLATE utf8_bin,
  `curso_dataCriacao` varchar(50) COLLATE utf8_bin DEFAULT NULL,
  `curso_userCriador` int(11) DEFAULT NULL,
  `curso_deleted` int(11) DEFAULT '0',
  PRIMARY KEY (`curso_id`)
) ENGINE=InnoDB AUTO_INCREMENT=3 DEFAULT CHARSET=utf8 COLLATE=utf8_bin;
/*!40101 SET character_set_client = @saved_cs_client */;

--
-- Dumping data for table `cursos`
--

LOCK TABLES `cursos` WRITE;
/*!40000 ALTER TABLE `cursos` DISABLE KEYS */;
INSERT INTO `cursos` VALUES (1,'Engenharia Informática',NULL,NULL,NULL,0),(2,'Engenharia de Telecomunicações','',NULL,NULL,0);
/*!40000 ALTER TABLE `cursos` ENABLE KEYS */;
UNLOCK TABLES;

--
-- Table structure for table `disciplinas`
--

DROP TABLE IF EXISTS `disciplinas`;
/*!40101 SET @saved_cs_client     = @@character_set_client */;
/*!40101 SET character_set_client = utf8 */;
CREATE TABLE `disciplinas` (
  `disciplina_id` int(11) NOT NULL AUTO_INCREMENT,
  `disciplina_nome` varchar(45) DEFAULT NULL,
  `disciplina_descricao` varchar(45) DEFAULT NULL,
  `disciplina_dataCriacao` varchar(45) DEFAULT NULL,
  `disciplina_userCriador` int(11) DEFAULT NULL,
  `disciplina_deleted` int(11) DEFAULT '0',
  PRIMARY KEY (`disciplina_id`)
) ENGINE=InnoDB AUTO_INCREMENT=5 DEFAULT CHARSET=latin1;
/*!40101 SET character_set_client = @saved_cs_client */;

--
-- Dumping data for table `disciplinas`
--

LOCK TABLES `disciplinas` WRITE;
/*!40000 ALTER TABLE `disciplinas` DISABLE KEYS */;
INSERT INTO `disciplinas` VALUES (1,'Cálculo 1',NULL,NULL,NULL,0),(2,'Fisica 1',NULL,NULL,NULL,0),(3,'TLP',NULL,NULL,NULL,0),(4,'EVP','aasdsd','2019-12-11 15:25:46',1,0);
/*!40000 ALTER TABLE `disciplinas` ENABLE KEYS */;
UNLOCK TABLES;

--
-- Table structure for table `documentos`
--

DROP TABLE IF EXISTS `documentos`;
/*!40101 SET @saved_cs_client     = @@character_set_client */;
/*!40101 SET character_set_client = utf8 */;
CREATE TABLE `documentos` (
  `id_documento` int(11) NOT NULL AUTO_INCREMENT,
  `nome_documento` varchar(45) DEFAULT NULL,
  `tipo_documento` int(11) DEFAULT NULL,
  `usuario_documento` int(11) DEFAULT NULL,
  `pedido_por` varchar(10) DEFAULT NULL,
  `data_pedido_documento` varchar(30) DEFAULT NULL,
  `emitido_por` varchar(10) DEFAULT NULL,
  `data_documento` date DEFAULT NULL,
  `estado_documento` varchar(45) DEFAULT '0',
  `efeito_documento` varchar(60) DEFAULT NULL,
  `descricao_documento` text,
  `documento_deleted` int(11) DEFAULT '0',
  `turma_documento` int(11) DEFAULT '0',
  `trimestre_documento` int(11) DEFAULT '0',
  PRIMARY KEY (`id_documento`)
) ENGINE=InnoDB AUTO_INCREMENT=70 DEFAULT CHARSET=latin1;
/*!40101 SET character_set_client = @saved_cs_client */;

--
-- Dumping data for table `documentos`
--

LOCK TABLES `documentos` WRITE;
/*!40000 ALTER TABLE `documentos` DISABLE KEYS */;
INSERT INTO `documentos` VALUES (50,NULL,1,NULL,'4','2019-12-10 16:22:25',NULL,NULL,'2','Bilhete de Identidade','f',0,0,0),(51,'BOLETIM DE NOTAS',1,5,NULL,NULL,'2','2019-12-10','0',NULL,NULL,0,2,1),(52,'CERTIFICADO',4,11,'0',NULL,'2','2019-12-11','0',NULL,NULL,1,0,0),(53,'CERTIFICADO',4,8,'0',NULL,'2','2019-12-11','0',NULL,NULL,0,0,0),(54,'CERTIFICADO',4,9,'0',NULL,'2','2019-12-11','0',NULL,NULL,0,0,0),(55,'CERTIFICADO',4,73,'0',NULL,'2','2019-12-11','0',NULL,NULL,0,0,0),(56,'DECLARACAO SEM NOTAS',2,7,'0',NULL,'2','2019-12-12','0',NULL,NULL,0,0,1),(57,'DECLARACAO SEM NOTAS',2,8,'0',NULL,'2','2019-12-12','0',NULL,NULL,0,0,0),(58,'DECLARACAO COM NOTAS',3,7,'0',NULL,'2','2019-12-12','0',NULL,NULL,0,0,2),(59,'DECLARACAO COM NOTAS',3,73,'0',NULL,'2','2019-12-12','0',NULL,NULL,0,0,1),(60,'CERTIFICADO',4,74,'0',NULL,'2','2019-12-14','0',NULL,NULL,0,0,0),(61,'CERTIFICADO',4,75,'0',NULL,'2','2019-12-14','0',NULL,NULL,0,0,0),(62,'BOLETIM DE NOTAS',1,74,'0',NULL,'2','2019-12-15','0',NULL,NULL,0,6,1),(63,'BOLETIM DE NOTAS',1,74,'0',NULL,'2','2019-12-15','0',NULL,NULL,0,7,3),(64,'DECLARACAO COM NOTAS',3,74,'0',NULL,'2','2019-12-15','0',NULL,NULL,0,0,1),(65,'DECLARACAO COM NOTAS',3,74,'0',NULL,'2','2019-12-15','0',NULL,NULL,0,0,2),(66,'DECLARACAO COM NOTAS',3,6,'0',NULL,'2','2019-12-18','0',NULL,NULL,0,0,0),(67,'DECLARACAO COM NOTAS',3,75,'0',NULL,'2','2019-12-18','0',NULL,NULL,0,0,0),(68,NULL,2,NULL,'56','2019-12-24 12:23:52',NULL,NULL,'3','Passaporte','yiu',0,0,0),(69,NULL,2,NULL,'46','2019-12-24 12:24:44',NULL,NULL,'3','Passaporte','hdfg jh',0,0,0);
/*!40000 ALTER TABLE `documentos` ENABLE KEYS */;
UNLOCK TABLES;

--
-- Table structure for table `estado`
--

DROP TABLE IF EXISTS `estado`;
/*!40101 SET @saved_cs_client     = @@character_set_client */;
/*!40101 SET character_set_client = utf8 */;
CREATE TABLE `estado` (
  `estado_id` int(10) unsigned NOT NULL AUTO_INCREMENT,
  `estado_nome` varchar(20) DEFAULT NULL,
  `estado_descricao` tinytext,
  `estado_deleted` int(11) DEFAULT '0',
  PRIMARY KEY (`estado_id`)
) ENGINE=InnoDB AUTO_INCREMENT=3 DEFAULT CHARSET=latin1;
/*!40101 SET character_set_client = @saved_cs_client */;

--
-- Dumping data for table `estado`
--

LOCK TABLES `estado` WRITE;
/*!40000 ALTER TABLE `estado` DISABLE KEYS */;
INSERT INTO `estado` VALUES (1,'Activo',NULL,0),(2,'Pendente',NULL,0);
/*!40000 ALTER TABLE `estado` ENABLE KEYS */;
UNLOCK TABLES;

--
-- Table structure for table `horario_modelos`
--

DROP TABLE IF EXISTS `horario_modelos`;
/*!40101 SET @saved_cs_client     = @@character_set_client */;
/*!40101 SET character_set_client = utf8 */;
CREATE TABLE `horario_modelos` (
  `hmod_id` int(11) NOT NULL AUTO_INCREMENT,
  `hmod_body` text CHARACTER SET utf8,
  `hmod_titulo` varchar(45) CHARACTER SET utf8 DEFAULT NULL,
  `hmod_dtCria` varchar(45) COLLATE utf8_bin DEFAULT NULL,
  `hmod_userCria` varchar(45) COLLATE utf8_bin DEFAULT NULL,
  `hmod_deleted` int(11) DEFAULT '0',
  PRIMARY KEY (`hmod_id`)
) ENGINE=InnoDB AUTO_INCREMENT=5 DEFAULT CHARSET=utf8 COLLATE=utf8_bin;
/*!40101 SET character_set_client = @saved_cs_client */;

--
-- Dumping data for table `horario_modelos`
--

LOCK TABLES `horario_modelos` WRITE;
/*!40000 ALTER TABLE `horario_modelos` DISABLE KEYS */;
INSERT INTO `horario_modelos` VALUES (1,'[{\"inicio\":\"04:11\",\"fim\":\"07:07\"},{\"inicio\":\"08:50\",\"fim\":\"05:08\"},{\"inicio\":\"12:30\",\"fim\":\"13:50\"},{\"inicio\":\"15:00\",\"fim\":\"16:30\"},{\"inicio\":\"17:00\",\"fim\":\"18:00\"}]','Teste mesmo','2019-11-26 15:49:22','1',1),(2,'[{\"inicio\":\"04:11\",\"fim\":\"07:07\"},{\"inicio\":\"08:50\",\"fim\":\"05:08\"},{\"inicio\":\"12:30\",\"fim\":\"13:50\"},{\"inicio\":\"15:00\",\"fim\":\"16:30\"},{\"inicio\":\"17:00\",\"fim\":\"18:00\"}]','Teste mesmo','2019-11-26 15:49:45','1',0),(3,'[{\"inicio\":\"04:11\",\"fim\":\"07:07\"},{\"inicio\":\"08:50\",\"fim\":\"05:08\"},{\"inicio\":\"12:30\",\"fim\":\"13:50\"},{\"inicio\":\"15:00\",\"fim\":\"16:30\"},{\"inicio\":\"17:00\",\"fim\":\"18:00\"}]','Teste mesmo','2019-11-26 15:49:48','1',1),(4,'[{\"inicio\":\"02:01\",\"fim\":\"05:00\"}]','Testando','2019-12-14 10:26:59','1',0);
/*!40000 ALTER TABLE `horario_modelos` ENABLE KEYS */;
UNLOCK TABLES;

--
-- Table structure for table `horariomodelos`
--

DROP TABLE IF EXISTS `horariomodelos`;
/*!40101 SET @saved_cs_client     = @@character_set_client */;
/*!40101 SET character_set_client = utf8 */;
CREATE TABLE `horariomodelos` (
  `hmod_id` int(11) NOT NULL AUTO_INCREMENT,
  `hmod_titulo` varchar(45) DEFAULT NULL,
  `hmod_userCria` varchar(45) DEFAULT NULL,
  `hmod_body` text,
  `hmod_dtCria` varchar(45) DEFAULT NULL,
  `hmod_deleted` int(11) DEFAULT '0',
  PRIMARY KEY (`hmod_id`)
) ENGINE=InnoDB DEFAULT CHARSET=latin1;
/*!40101 SET character_set_client = @saved_cs_client */;

--
-- Dumping data for table `horariomodelos`
--

LOCK TABLES `horariomodelos` WRITE;
/*!40000 ALTER TABLE `horariomodelos` DISABLE KEYS */;
/*!40000 ALTER TABLE `horariomodelos` ENABLE KEYS */;
UNLOCK TABLES;

--
-- Table structure for table `horarios`
--

DROP TABLE IF EXISTS `horarios`;
/*!40101 SET @saved_cs_client     = @@character_set_client */;
/*!40101 SET character_set_client = utf8 */;
CREATE TABLE `horarios` (
  `hr_id` int(11) NOT NULL AUTO_INCREMENT,
  `hr_turma` int(11) DEFAULT NULL,
  `hr_modelo` int(11) DEFAULT NULL,
  `hr_body` text COLLATE utf8_bin,
  `hr_dtCria` varchar(45) COLLATE utf8_bin DEFAULT NULL,
  `hr_userCria` varchar(45) COLLATE utf8_bin DEFAULT NULL,
  `hr_deleted` int(11) DEFAULT '0',
  PRIMARY KEY (`hr_id`)
) ENGINE=InnoDB AUTO_INCREMENT=11 DEFAULT CHARSET=utf8 COLLATE=utf8_bin;
/*!40101 SET character_set_client = @saved_cs_client */;

--
-- Dumping data for table `horarios`
--

LOCK TABLES `horarios` WRITE;
/*!40000 ALTER TABLE `horarios` DISABLE KEYS */;
INSERT INTO `horarios` VALUES (2,2,1,'{\"seg_disciplina\":[\"2\",\"1\",\"\",\"\",\"\"],\"seg_sala\":[\"7\",\"\",\"\",\"\",\"\"],\"ter_disciplina\":[\"\",\"\",\"\",\"\",\"\"],\"ter_sala\":[\"\",\"\",\"\",\"\",\"\"],\"qua_disciplina\":[\"\",\"\",\"\",\"\",\"\"],\"qua_sala\":[\"\",\"\",\"\",\"\",\"\"],\"qui_disciplina\":[\"\",\"\",\"\",\"\",\"1\"],\"qui_sala\":[\"4\",\"\",\"\",\"\",\"5\"],\"sex_disciplina\":[\"1\",\"\",\"\",\"\",\"\"],\"sex_sala\":[\"8\",\"\",\"\",\"\",\"\"]}','2019-11-26 17:27:29','1',0),(3,1,1,'{\"seg_disciplina\":[\"2\",\"\",\"\",\"\",\"\"],\"seg_sala\":[\"\",\"\",\"\",\"\",\"\"],\"ter_disciplina\":[\"\",\"\",\"\",\"\",\"\"],\"ter_sala\":[\"\",\"\",\"\",\"\",\"\"],\"qua_disciplina\":[\"\",\"\",\"\",\"\",\"\"],\"qua_sala\":[\"\",\"\",\"\",\"\",\"\"],\"qui_disciplina\":[\"\",\"\",\"\",\"\",\"\"],\"qui_sala\":[\"\",\"\",\"\",\"\",\"\"],\"sex_disciplina\":[\"\",\"\",\"\",\"\",\"\"],\"sex_sala\":[\"\",\"\",\"\",\"\",\"\"]}','2019-11-27 12:59:51','1',1),(4,7,2,'{\"seg_disciplina\":[\"\",\"\",\"\",\"\",\"\"],\"seg_sala\":[\"\",\"\",\"\",\"\",\"\"],\"ter_disciplina\":[\"\",\"\",\"\",\"\",\"\"],\"ter_sala\":[\"\",\"\",\"\",\"\",\"\"],\"qua_disciplina\":[\"\",\"\",\"2\",\"\",\"\"],\"qua_sala\":[\"\",\"\",\"\",\"\",\"\"],\"qui_disciplina\":[\"\",\"\",\"\",\"\",\"\"],\"qui_sala\":[\"\",\"\",\"\",\"\",\"\"],\"sex_disciplina\":[\"\",\"\",\"\",\"\",\"\"],\"sex_sala\":[\"\",\"\",\"\",\"\",\"\"]}','2019-12-14 10:24:10','1',0),(5,3,2,'{\"seg_disciplina\":[\"\",\"\",\"\",\"\",\"\"],\"seg_sala\":[\"\",\"\",\"\",\"\",\"\"],\"ter_disciplina\":[\"\",\"\",\"1\",\"\",\"\"],\"ter_sala\":[\"\",\"\",\"\",\"\",\"\"],\"qua_disciplina\":[\"\",\"\",\"\",\"\",\"\"],\"qua_sala\":[\"\",\"\",\"\",\"\",\"\"],\"qui_disciplina\":[\"\",\"\",\"\",\"\",\"\"],\"qui_sala\":[\"\",\"\",\"\",\"\",\"\"],\"sex_disciplina\":[\"\",\"\",\"\",\"\",\"\"],\"sex_sala\":[\"\",\"\",\"\",\"\",\"\"]}','2019-12-14 10:24:38','1',0),(6,4,4,'{\"seg_disciplina\":[\"3\"],\"seg_sala\":[\"\"],\"ter_disciplina\":[\"\"],\"ter_sala\":[\"\"],\"qua_disciplina\":[\"\"],\"qua_sala\":[\"\"],\"qui_disciplina\":[\"3\"],\"qui_sala\":[\"\"],\"sex_disciplina\":[\"\"],\"sex_sala\":[\"\"]}','2019-12-14 10:27:28','1',0),(7,1,2,'{\"seg_disciplina\":[\"\",\"\",\"\",\"\",\"\"],\"seg_sala\":[\"\",\"\",\"\",\"\",\"\"],\"ter_disciplina\":[\"\",\"\",\"\",\"\",\"\"],\"ter_sala\":[\"\",\"\",\"\",\"\",\"\"],\"qua_disciplina\":[\"\",\"\",\"\",\"\",\"\"],\"qua_sala\":[\"\",\"\",\"\",\"\",\"\"],\"qui_disciplina\":[\"\",\"\",\"1\",\"\",\"\"],\"qui_sala\":[\"\",\"\",\"\",\"\",\"\"],\"sex_disciplina\":[\"\",\"\",\"\",\"\",\"\"],\"sex_sala\":[\"\",\"\",\"\",\"\",\"\"]}','2019-12-14 10:27:46','1',1),(8,6,2,'{\"seg_disciplina\":[\"\",\"\",\"\",\"\",\"\"],\"seg_sala\":[\"\",\"\",\"\",\"\",\"\"],\"ter_disciplina\":[\"\",\"1\",\"\",\"\",\"\"],\"ter_sala\":[\"\",\"\",\"\",\"\",\"\"],\"qua_disciplina\":[\"\",\"\",\"\",\"\",\"\"],\"qua_sala\":[\"\",\"\",\"\",\"\",\"\"],\"qui_disciplina\":[\"\",\"\",\"\",\"\",\"\"],\"qui_sala\":[\"\",\"\",\"\",\"\",\"\"],\"sex_disciplina\":[\"\",\"\",\"\",\"\",\"\"],\"sex_sala\":[\"\",\"\",\"\",\"\",\"\"]}','2019-12-15 23:21:53','1',1),(9,5,2,'{\"seg_disciplina\":[\"\",\"\",\"\",\"\",\"\"],\"seg_sala\":[\"\",\"\",\"\",\"\",\"\"],\"ter_disciplina\":[\"\",\"3\",\"\",\"\",\"\"],\"ter_sala\":[\"\",\"\",\"\",\"\",\"\"],\"qua_disciplina\":[\"\",\"\",\"\",\"\",\"\"],\"qua_sala\":[\"\",\"\",\"\",\"\",\"\"],\"qui_disciplina\":[\"\",\"\",\"\",\"\",\"\"],\"qui_sala\":[\"\",\"\",\"\",\"\",\"\"],\"sex_disciplina\":[\"\",\"\",\"\",\"\",\"\"],\"sex_sala\":[\"\",\"\",\"\",\"\",\"\"]}','2019-12-15 23:22:33','1',0),(10,1,2,'{\"seg_disciplina\":[\"2\",\"1\",\"1\",\"1\",\"1\"],\"seg_sala\":[\"5\",\"6\",\"8\",\"3\",\"8\"],\"ter_disciplina\":[\"2\",\"2\",\"2\",\"2\",\"2\"],\"ter_sala\":[\"2\",\"53\",\"5\",\"3\",\"5\"],\"qua_disciplina\":[\"1\",\"1\",\"2\",\"2\",\"\"],\"qua_sala\":[\"3\",\"239\",\"4\",\"4\",\"\"],\"qui_disciplina\":[\"\",\"1\",\"1\",\"2\",\"2\"],\"qui_sala\":[\"\",\"4\",\"3\",\"2\",\"5\"],\"sex_disciplina\":[\"2\",\"2\",\"\",\"1\",\"1\"],\"sex_sala\":[\"3\",\"4\",\"\",\"6\",\"5\"]}','2019-12-16 09:07:31','1',0);
/*!40000 ALTER TABLE `horarios` ENABLE KEYS */;
UNLOCK TABLES;

--
-- Table structure for table `notificacoes`
--

DROP TABLE IF EXISTS `notificacoes`;
/*!40101 SET @saved_cs_client     = @@character_set_client */;
/*!40101 SET character_set_client = utf8 */;
CREATE TABLE `notificacoes` (
  `notif_id` int(11) NOT NULL AUTO_INCREMENT,
  `notif_titulo` varchar(45) COLLATE utf8_bin DEFAULT NULL,
  `notif_message` text COLLATE utf8_bin,
  `notif_dtCria` varchar(45) COLLATE utf8_bin DEFAULT NULL,
  `notif_for` varchar(45) COLLATE utf8_bin DEFAULT NULL,
  `notif_forEspecific` text COLLATE utf8_bin,
  `notif_criador` varchar(45) COLLATE utf8_bin DEFAULT NULL,
  `notif_deleted` int(11) DEFAULT '0',
  `notif_turma` varchar(45) COLLATE utf8_bin DEFAULT NULL,
  PRIMARY KEY (`notif_id`)
) ENGINE=InnoDB AUTO_INCREMENT=15 DEFAULT CHARSET=utf8 COLLATE=utf8_bin;
/*!40101 SET character_set_client = @saved_cs_client */;

--
-- Dumping data for table `notificacoes`
--

LOCK TABLES `notificacoes` WRITE;
/*!40000 ALTER TABLE `notificacoes` DISABLE KEYS */;
INSERT INTO `notificacoes` VALUES (1,'Avaliação ','Fase de avaliações na escola','2019-12-03 15:48:00','all','[\"1\"]','1',1,NULL),(2,'Teste','ds','2019-12-03 16:42:14','person','[\"4\"]','2',1,NULL),(3,'Teste','....','2019-12-12 21:01:04','person','[\"50\"]','2',1,NULL),(4,'Workship','....','2019-12-12 21:03:35','class','[\"8\",\"14\",\"24\",\"30\",\"39\",\"54\",\"56\",\"59\",\"42\"]','3',1,'1'),(5,'Teste..','...','2019-12-14 10:29:35','all','[\"2\"]','1',0,NULL),(6,'Teste 1','dfgsggb sgdfgdfgf','2019-12-23 11:48:07','person','[\"46\"]','1',0,NULL),(7,'dfsgdgdfg','sdfgfgdfg','2019-12-23 11:48:18','all','[\"2\"]','1',0,NULL),(8,'Teste 14','dfsgfgdfg','2019-12-23 11:48:26','all','[\"2\"]','1',0,NULL),(9,'Teste Milena','thsdghsd sdgfgdfg','2019-12-23 11:48:45','person','[\"46\"]','1',0,NULL),(10,'Teste Alunos','dfgsfgdfgdfg','2019-12-23 11:48:56','students','[\"2\"]','1',0,NULL),(11,'2todos','asdfdf sdafsdf','2019-12-24 09:26:26','all','[\"2\"]','1',0,NULL),(12,'2alunos','sdafsdf asdfsdfdffd','2019-12-24 09:26:37','students','[\"2\"]','1',0,NULL),(13,'2 pessoas','1rfgrwgrt','2019-12-24 09:27:08','group','[\"2\",\"3\",\"4\",\"46\",\"74\",\"75\",\"2\"]','1',0,NULL),(14,'fghdfgh','fhghd','2019-12-24 09:47:42','all','[\"2\"]','1',0,NULL);
/*!40000 ALTER TABLE `notificacoes` ENABLE KEYS */;
UNLOCK TABLES;

--
-- Table structure for table `notificacoesvistas`
--

DROP TABLE IF EXISTS `notificacoesvistas`;
/*!40101 SET @saved_cs_client     = @@character_set_client */;
/*!40101 SET character_set_client = utf8 */;
CREATE TABLE `notificacoesvistas` (
  `nvista_id` int(11) NOT NULL AUTO_INCREMENT,
  `nvista_notif` varchar(45) COLLATE utf8_bin DEFAULT NULL,
  `nvista_pessoa` varchar(45) COLLATE utf8_bin DEFAULT NULL,
  `nvista_deleted` int(11) DEFAULT '0',
  PRIMARY KEY (`nvista_id`)
) ENGINE=InnoDB AUTO_INCREMENT=72 DEFAULT CHARSET=utf8 COLLATE=utf8_bin;
/*!40101 SET character_set_client = @saved_cs_client */;

--
-- Dumping data for table `notificacoesvistas`
--

LOCK TABLES `notificacoesvistas` WRITE;
/*!40000 ALTER TABLE `notificacoesvistas` DISABLE KEYS */;
INSERT INTO `notificacoesvistas` VALUES (1,'5','8',1),(2,'7','8',1),(3,'8','8',1),(4,'10','8',1),(5,'11','8',1),(6,'12','8',1),(7,'14','8',0),(8,'6','46',0),(9,'5','46',0),(10,'7','46',0),(11,'8','46',0),(12,'9','46',0),(13,'10','46',0),(14,'11','46',0),(15,'12','46',0),(16,'13','46',0),(17,'14','46',0),(18,'5','9',0),(19,'7','9',0),(20,'8','9',0),(21,'10','9',0),(22,'11','9',0),(23,'12','9',0),(24,'14','9',0),(25,'5','4',1),(26,'6','4',1),(27,'7','4',1),(28,'8','4',1),(29,'9','4',1),(30,'10','4',1),(31,'11','4',1),(32,'12','4',1),(33,'13','4',1),(34,'14','4',1),(35,'5','74',1),(36,'7','74',1),(37,'8','74',1),(38,'10','74',1),(39,'11','74',1),(40,'12','74',1),(41,'13','74',0),(42,'14','74',1),(43,'5','75',1),(44,'7','75',1),(45,'14','75',1),(46,'13','75',0),(47,'8','75',0),(48,'10','75',1),(49,'11','75',0),(50,'12','75',0),(51,'5','3',0),(52,'7','3',0),(53,'8','3',0),(54,'11','3',0),(55,'13','3',0),(56,'14','3',0),(57,'5','56',0),(58,'7','56',0),(59,'8','56',0),(60,'10','56',0),(61,'11','56',0),(62,'12','56',0),(63,'14','56',0),(64,'5','2',0),(65,'7','2',0),(66,'8','2',0),(67,'10','2',0),(68,'11','2',0),(69,'12','2',0),(70,'13','2',0),(71,'14','2',0);
/*!40000 ALTER TABLE `notificacoesvistas` ENABLE KEYS */;
UNLOCK TABLES;

--
-- Table structure for table `pessoas`
--

DROP TABLE IF EXISTS `pessoas`;
/*!40101 SET @saved_cs_client     = @@character_set_client */;
/*!40101 SET character_set_client = utf8 */;
CREATE TABLE `pessoas` (
  `pessoa_id` int(11) NOT NULL AUTO_INCREMENT,
  `pessoa_nome` varchar(80) DEFAULT NULL,
  `pessoa_dtNascimento` varchar(45) DEFAULT NULL,
  `pessoa_numeroDoc` varchar(45) DEFAULT NULL,
  `pessoa_docTipo` varchar(45) DEFAULT NULL,
  `pessoa_docVal` varchar(45) DEFAULT NULL,
  `pessoa_docEmitido` varchar(45) DEFAULT NULL,
  `pessoa_docLocal` varchar(45) DEFAULT NULL,
  `pessoa_docExpiracao` varchar(45) DEFAULT NULL,
  `pessoa_estadoCivil` int(11) DEFAULT NULL,
  `pessoa_username` varchar(45) DEFAULT NULL,
  `pessoa_password` varchar(45) DEFAULT NULL,
  `pessoa_googleAuth` varchar(45) DEFAULT NULL,
  `pessoa_email` varchar(45) DEFAULT NULL,
  `pessoa_nTel` varchar(45) DEFAULT NULL,
  `pessoa_pai` varchar(80) DEFAULT NULL,
  `pessoa_mae` varchar(80) DEFAULT NULL,
  `pessoa_nProc` varchar(20) DEFAULT NULL,
  `pessoa_usertipo` int(11) DEFAULT NULL,
  `pessoa_morada` varchar(45) DEFAULT NULL,
  `pessoa_genero` varchar(10) DEFAULT NULL,
  `pessoa_nacionalidade` varchar(45) DEFAULT NULL,
  `pessoa_naturalidade` varchar(45) DEFAULT NULL,
  `pessoa_provincia` varchar(45) DEFAULT NULL,
  `pessoa_deleted` int(11) DEFAULT '0',
  PRIMARY KEY (`pessoa_id`)
) ENGINE=InnoDB AUTO_INCREMENT=86 DEFAULT CHARSET=latin1;
/*!40101 SET character_set_client = @saved_cs_client */;

--
-- Dumping data for table `pessoas`
--

LOCK TABLES `pessoas` WRITE;
/*!40000 ALTER TABLE `pessoas` DISABLE KEYS */;
INSERT INTO `pessoas` VALUES (1,'Diretor da Escola','1996-03-02','63HSUUU3ESJK0LA039',NULL,NULL,'2020-01-16','Luanda','2020-01-29',1,'admin@gescola.com','1111','','admin@gescola.com','+244 (935) 273 648','','','4408',1,'Cazenga, Zona 18','M','Angolana','Ingombotas',NULL,0),(2,'Secretário da Escola','1996-03-03','JS783KE93IJ390LA039',NULL,NULL,'Luanda',NULL,NULL,2,'secretario@gescola.com','1234','',NULL,'945273849',NULL,NULL,'4407',2,'Petrangol','M','Angolana','Ingombotas',NULL,0),(3,'Leonel Daniel','1996-03-03','JS783KEDF3443DLA039',NULL,NULL,'Luanda','','',1,'leonel@gescola.com','4321','','leonel@gescola.com','936255835','','','0',3,'Marginal','M','Angolana','Cazenga',NULL,0),(4,'ABEDNEGO JOSÉ FIGUEIREDO MESSELE','1996-03-04','63HSKDL3ESJK0LA039',NULL,NULL,'Luanda','','',1,'23444','1234','','rrqws@as','928255835','','','23444',4,'Rangel','M','Angolana','Rangel',NULL,0),(5,'ABEL CAUMBE UCUAHAMBA','1996-03-05','63HSUUU3ESJK0LA040',NULL,NULL,'Luanda',NULL,NULL,2,'23559','1234','',NULL,'928255836',NULL,NULL,'23559',4,'Sambizanga','M','Angolana','Boa Vista',NULL,0),(6,'ABEL FINANI MUANZA GABRIEL','1996-03-06','63HSUUU3ESJK0LA041',NULL,NULL,'Luanda',NULL,NULL,1,'','1234','',NULL,'928255837',NULL,NULL,'23637',4,'Cuca','M','Angolana','São Paulo',NULL,0),(7,'ADEMIRO QUINTAS SEGUNDA','1996-03-07','63HSUUU3ESJK0LA042',NULL,NULL,'Luanda',NULL,NULL,1,'','1234','',NULL,'928255838',NULL,NULL,'24014',4,'Hoji ya henda','M','Angolana','Luanda',NULL,0),(8,'ADLEU MANUEL AGOSTINHO ','1996-03-08','63HSUUU3ESJK0LA043',NULL,NULL,'2019-12-17','Luanda','2019-12-12',2,'nada@tudo.com','5656','',NULL,'928255839','68','68','23666',4,'Cazenga, Zona 18','M','Angolana','Viana',NULL,0),(9,'AFONSO GARCIA MARTINS','1996-03-09','63HSUUU3ESJK0LA044',NULL,NULL,'Luanda',NULL,NULL,1,'','1234','',NULL,'928255840',NULL,NULL,'22085',4,'Petrangol','M','Angolana','Cacuaco',NULL,0),(10,'ALFREDO ARICLENES DA SILVA QUINDAI','1996-03-10','63HSUUU3ESJK0LA045',NULL,NULL,'Luanda',NULL,NULL,1,'','1234','',NULL,'928255841',NULL,NULL,'22804',4,'Cuca','M','Angolana','Ingombotas',NULL,0),(11,'ANA DE FAUSTO MANUEL','1996-03-11','63HSUUU3ESJK0LA046',NULL,NULL,'Luanda',NULL,NULL,2,'','1234','',NULL,'928255842',NULL,NULL,'22704',4,'Rangel','M','Angolana','Ingombotas',NULL,0),(12,'ANDRÉ MANECO MÁRIO','1996-03-12','63HSUUU3ESJK0LA047',NULL,NULL,'Luanda',NULL,NULL,1,'','1234','',NULL,'928255843',NULL,NULL,'23343',4,'Sambizanga','M','Angolana','Cazenga',NULL,0),(13,'ANITA KENDE LAU OFUNDA','1996-03-13','63HSUUU3ESJK0LA048',NULL,NULL,'Luanda',NULL,NULL,1,'','1234','',NULL,'928255844',NULL,NULL,'23376',4,'Cuca','M','Angolana','Rangel',NULL,0),(14,'ANTÓNIO DUMBO ZAMBO','1996-03-14','63HSUUU3ESJK0LA049',NULL,NULL,'Luanda',NULL,NULL,2,'','1234','',NULL,'928255845',NULL,NULL,'22853',4,'Hoji ya henda','M','Angolana','Boa Vista',NULL,0),(15,'ANTÓNIO ESTÊVÃO CALIPA ','1996-03-15','63HSUUU3ESJK0LA050',NULL,NULL,'Luanda',NULL,NULL,1,'','1234','',NULL,'928255846',NULL,NULL,'23403',4,'Cazenga, Zona 18','M','Angolana','São Paulo',NULL,0),(16,'CONCEIÇÃO ALVES MATEUS','1996-03-16','63HSUUU3ESJK0LA051',NULL,NULL,'Luanda',NULL,NULL,1,'','1234','',NULL,'928255847',NULL,NULL,'20932',4,'Petrangol','M','Angolana','Luanda',NULL,0),(17,'DADILSON ALBERTO CHAVITO FERNANDES','1996-03-17','63HSUUU3ESJK0LA052',NULL,NULL,'Luanda',NULL,NULL,2,'','1234','',NULL,'928255848',NULL,NULL,'22877',4,'Cuca','M','Angolana','Viana',NULL,0),(18,'DALVA ERNESTINACALENGUE SUMBO','1996-03-18','63HSUUU3ESJK0LA053',NULL,NULL,'Luanda',NULL,NULL,1,'','1234','',NULL,'928255849',NULL,NULL,'21287',4,'Rangel','M','Angolana','Cacuaco',NULL,0),(19,'DANIELA CARLA CARDOSO DA SILVA FUTI','1996-03-19','63HSUUU3ESJK0LA054',NULL,NULL,'Luanda',NULL,NULL,1,'','1234','',NULL,'928255850',NULL,NULL,'22288',4,'Sambizanga','M','Angolana','Ingombotas',NULL,0),(20,'DÉRIO DE ALMEIDA QUEQUE','1996-03-20','63HSUUU3ESJK0LA055',NULL,NULL,'Luanda',NULL,NULL,2,'','1234','',NULL,'928255851',NULL,NULL,'23429',4,'Cuca','M','Angolana','Ingombotas',NULL,0),(21,'DOMINGAS ANTÓNIO BAIÃO','1996-03-21','63HSUUU3ESJK0LA056',NULL,NULL,'Luanda',NULL,NULL,1,'','1234','',NULL,'928255852',NULL,NULL,'21115',4,'Hoji ya henda','M','Angolana','Cazenga',NULL,0),(22,'DOMINGOS JOSÉ JOÃO CANOEIRA','1996-03-22','63HSUUU3ESJK0LA057',NULL,NULL,'Luanda',NULL,NULL,1,'','1234','',NULL,'928255853',NULL,NULL,'23648',4,'Cazenga, Zona 18','M','Angolana','Rangel',NULL,0),(23,'DONALDO FERREIRA MANUEL ','1996-03-23','63HSUUU3ESJK0LA058',NULL,NULL,'Luanda',NULL,NULL,2,'','1234','',NULL,'928255854',NULL,NULL,'25064',4,'Petrangol','M','Angolana','Boa Vista',NULL,0),(24,'EDVÂNIO JOAQUIM QUIJILA','1996-03-24','63HSUUU3ESJK0LA059',NULL,NULL,'Luanda',NULL,NULL,1,'','1234','',NULL,'928255855',NULL,NULL,'23041',4,'Cuca','M','Angolana','São Paulo',NULL,0),(25,'ESPERANÇA ZAMBO SANTOS ','1996-03-25','63HSUUU3ESJK0LA060',NULL,NULL,'Luanda',NULL,NULL,1,'','1234','',NULL,'928255856',NULL,NULL,'22903',4,'Rangel','M','Angolana','Luanda',NULL,0),(26,'FRANCISCO DANIEL FAZTUDO','1996-03-26','63HSUUU3ESJK0LA061',NULL,NULL,'Luanda',NULL,NULL,2,'','1234','',NULL,'928255857',NULL,NULL,'22917',4,'Sambizanga','M','Angolana','Viana',NULL,0),(27,'HELDER ALEXANDRE DA SILVA','1996-03-27','63HSUUU3ESJK0LA062',NULL,NULL,'Luanda',NULL,NULL,1,'','1234','',NULL,'928255858',NULL,NULL,'23690',4,'Cuca','M','Angolana','Cacuaco',NULL,0),(28,'HIGINO MÁRIO DOS SANTOS FERNANDO ','1996-03-28','63HSUUU3ESJK0LA063',NULL,NULL,'Luanda',NULL,NULL,1,'','1234','',NULL,'928255859',NULL,NULL,'22926',4,'Hoji ya henda','M','Angolana','Ingombotas',NULL,0),(29,'ILDOLGAR ACÁCIO DA COSTA TCHIPACA','1996-03-03','63HSUUU3ESJK0LA064',NULL,NULL,'Luanda',NULL,NULL,2,'','1234','',NULL,'928255860',NULL,NULL,'22928',4,'Cazenga, Zona 18','M','Angolana','Ingombotas',NULL,0),(30,'ISABEL PEDRO PAULO ','1996-03-03','63HSUUU3ESJK0LA065',NULL,NULL,'Luanda',NULL,NULL,1,'','1234','',NULL,'928255861',NULL,NULL,'24022',4,'Petrangol','M','Angolana','Cazenga',NULL,0),(31,'ISMAEL VUNGE MORAIS ','1996-03-03','63HSUUU3ESJK0LA066',NULL,NULL,'Luanda',NULL,NULL,1,'','1234','',NULL,'928255862',NULL,NULL,'22931',4,'Cuca','M','Angolana','Rangel',NULL,0),(32,'JANETH GONÇALVES VILOLA','1996-03-03','63HSUUU3ESJK0LA067',NULL,NULL,'Luanda',NULL,NULL,2,'','1234','',NULL,'928255863',NULL,NULL,'23808',4,'Rangel','M','Angolana','Boa Vista',NULL,0),(33,'JANUARIO DOMINGOS PAPUSSECO CASCOTE','1996-03-03','63HSUUU3ESJK0LA068',NULL,NULL,'Luanda',NULL,NULL,1,'','1234','',NULL,'928255864',NULL,NULL,'23089',4,'Sambizanga','M','Angolana','São Paulo',NULL,0),(34,'JOAQUIM COIMBRA CORREIA','1996-03-03','63HSUUU3ESJK0LA069',NULL,NULL,'Luanda',NULL,NULL,1,'','1234','',NULL,'928255865',NULL,NULL,'22017',4,'Cuca','M','Angolana','Luanda',NULL,0),(35,'JOSÉ ALBERTO CALUFELE GOMBIWA','1996-03-03','63HSUUU3ESJK0LA070',NULL,NULL,'Luanda',NULL,NULL,2,'','1234','',NULL,'928255866',NULL,NULL,'23424',4,'Hoji ya henda','M','Angolana','Viana',NULL,0),(36,'JOSIAS SALOMÃO FIGUEIRA','1996-03-03','63HSUUU3ESJK0LA071',NULL,NULL,'Luanda',NULL,NULL,1,'','1234','',NULL,'928255867',NULL,NULL,'23548',4,'Cazenga, Zona 18','M','Angolana','Cacuaco',NULL,0),(37,'JULIETA DOMINGOS DANIEL','1996-03-03','63HSUUU3ESJK0LA072',NULL,NULL,'Luanda',NULL,NULL,1,'','1234','',NULL,'928255868',NULL,NULL,'23114',4,'Petrangol','M','Angolana','Ingombotas',NULL,0),(38,'KAMBILA DA SILVA NHANGA ','1996-03-03','63HSUUU3ESJK0LA073',NULL,NULL,'Luanda',NULL,NULL,2,'','1234','',NULL,'928255869',NULL,NULL,'25075',4,'Cuca','M','Angolana','Ingombotas',NULL,0),(39,'LEONOR CARLOS','1996-03-03','63HSUUU3ESJK0LA074',NULL,NULL,'Luanda',NULL,NULL,1,'','1234','',NULL,'928255870',NULL,NULL,'22247',4,'Rangel','M','Angolana','Cazenga',NULL,0),(40,'LINA LUZALA MATUSIMUA','1996-03-03','63HSUUU3ESJK0LA075',NULL,NULL,'Luanda',NULL,NULL,1,'','1234','',NULL,'928255871',NULL,NULL,'24729',4,'Sambizanga','M','Angolana','Rangel',NULL,0),(41,'LOURENÇO MENDES CABRAL','1996-03-03','63HSUUU3ESJK0LA076',NULL,NULL,'Luanda',NULL,NULL,2,'','1234','',NULL,'928255872',NULL,NULL,'22168',4,'Cuca','M','Angolana','Boa Vista',NULL,0),(42,'LUIDMILA DE FÁTIMA BREGANHA QUSSANGA','1996-03-03','63HSUUU3ESJK0LA077',NULL,NULL,'Luanda',NULL,NULL,1,'','1234','',NULL,'928255873',NULL,NULL,'23488',4,'Hoji ya henda','M','Angolana','São Paulo',NULL,0),(43,'MANUEL VENTURA MIGUEL','1996-03-03','63HSUUU3ESJK0LA078',NULL,NULL,'Luanda',NULL,NULL,1,'','1234','',NULL,'928255874',NULL,NULL,'23517',4,'Cazenga, Zona 18','M','Angolana','Luanda',NULL,0),(44,'MARIA MARLENE DE ALMEIDA ','1996-03-03','63HSUUU3ESJK0LA079',NULL,NULL,'Luanda',NULL,NULL,2,'','1234','',NULL,'928255875',NULL,NULL,'25083',4,'Petrangol','M','Angolana','Viana',NULL,0),(45,'MATONDO AUGUSTO ZOLA NTALULU','1996-03-03','63HSUUU3ESJK0LA080',NULL,NULL,'Luanda',NULL,NULL,1,'','1234','',NULL,'928255876',NULL,NULL,'23616',4,'Cuca','M','Angolana','Cacuaco',NULL,0),(46,'MILENA DAIANA BOTELHO FERNANDES MENDES','1996-03-03','63HSUUU3ESJK0LA081',NULL,NULL,'Luanda',NULL,NULL,1,'','1234','',NULL,'928255877',NULL,NULL,'22605',4,'Rangel','M','Angolana','Ingombotas',NULL,0),(47,'NSIMBA LUTONADIO ADRÉ BERNARDO','1996-03-03','63HSUUU3ESJK0LA082',NULL,NULL,'Luanda',NULL,NULL,2,'','1234','',NULL,'928255878',NULL,NULL,'23497',4,'Sambizanga','M','Angolana','Ingombotas',NULL,0),(48,'OSVALDO VUNGE ALBERTO','1996-03-03','63HSUUU3ESJK0LA083',NULL,NULL,'Luanda',NULL,NULL,1,'','1234','',NULL,'928255879',NULL,NULL,'23172',4,'Cuca','M','Angolana','Cazenga',NULL,0),(49,'PATRÍCIO MUZIBI SIMÃO','1996-03-03','63HSUUU3ESJK0LA084',NULL,NULL,'Luanda',NULL,NULL,1,'','1234','',NULL,'928255880',NULL,NULL,'23703',4,'Hoji ya henda','M','Angolana','Rangel',NULL,0),(50,'PAULA DALA LUTETE','1996-03-03','63HSUUU3ESJK0LA085',NULL,NULL,'Luanda',NULL,NULL,2,'','1234','',NULL,'928255881',NULL,NULL,'22383',4,'Cazenga, Zona 18','M','Angolana','Boa Vista',NULL,0),(51,'RAFAEL ALEXANDRE ZECA','1996-03-03','63HSUUU3ESJK0LA086',NULL,NULL,'Luanda',NULL,NULL,1,'','1234','',NULL,'928255882',NULL,NULL,'24001',4,'Petrangol','M','Angolana','São Paulo',NULL,0),(52,'RAFAELA ALEXANDRA BALOMBO QUIÚMA ','1996-03-03','63HSUUU3ESJK0LA087',NULL,NULL,'Luanda',NULL,NULL,1,'','1234','',NULL,'928255883',NULL,NULL,'23554',4,'Cuca','M','Angolana','Luanda',NULL,0),(53,'RICARDO NDOMBAXI CALONDA','1996-03-03','63HSUUU3ESJK0LA088',NULL,NULL,'Luanda',NULL,NULL,2,'','1234','',NULL,'928255884',NULL,NULL,'23334',4,'Rangel','M','Angolana','Viana',NULL,0),(54,'ROSÁRIA JANDIRA CAIOMBO CALIALIA','1996-03-03','63HSUUU3ESJK0LA089',NULL,NULL,'Luanda',NULL,NULL,1,'','1234','',NULL,'928255885',NULL,NULL,'22839',4,'Sambizanga','M','Angolana','Cacuaco',NULL,0),(55,'SIMARA ROSA DOMINGOS DE ALMEIDA','1996-03-03','63HSUUU3ESJK0LA090',NULL,NULL,'Luanda',NULL,NULL,1,'','1234','',NULL,'928255886',NULL,NULL,'23398',4,'Cuca','M','Angolana','Ingombotas',NULL,0),(56,'SUZANA ARMINDO MUHONGO','1996-03-03','63HSUUU3ESJK0LA091',NULL,NULL,'Luanda',NULL,NULL,2,'','1234','',NULL,'928255887',NULL,NULL,'23282',4,'Hoji ya henda','M','Angolana','Ingombotas',NULL,0),(57,'TADEU BIAIA INÁCIO','1996-03-03','63HSUUU3ESJK0LA092',NULL,NULL,'Luanda',NULL,NULL,1,'','1234','',NULL,'928255888',NULL,NULL,'21158',4,'Cazenga, Zona 18','M','Angolana','Cazenga',NULL,0),(58,'VLADIMIR FANIQUISSA COELHO','1996-03-03','63HSUUU3ESJK0LA093',NULL,NULL,'Luanda',NULL,NULL,1,'','1234','',NULL,'928255889',NULL,NULL,'23919',4,'Petrangol','M','Angolana','Rangel',NULL,0),(59,'VENÂNCIO CARLOS HEBO','1996-03-03','63HSUUU3ESJK0LA094',NULL,NULL,'Luanda',NULL,NULL,2,'','1234','',NULL,'928255890',NULL,NULL,'23294',4,'Cuca','M','Angolana','Boa Vista',NULL,0),(60,'VIOLETA MARIANA BAPTISTA','1996-03-03','63HSUUU3ESJK0LA095',NULL,NULL,'Luanda','','',1,'','1234','','','+244 (928) 255 891','','','23673',4,'Rangel','F','Angolana','São Paulo',NULL,0),(61,'ANTUNES MANUEL IMPERIAL','1996-03-03','63HSUUU3ESJK0LA096',NULL,NULL,'Luanda',NULL,NULL,1,'','1234','',NULL,'928255892',NULL,NULL,'25433',4,'Sambizanga','M','Angolana','Luanda',NULL,0),(62,'HUGO RICARDO JOSÉ BASTOS','1996-03-03','63HSUUU3ESJK0LA097',NULL,NULL,'Luanda',NULL,NULL,2,'','1234','',NULL,'928255893',NULL,NULL,'25450',4,'Cuca','M','Angolana','Viana',NULL,0),(65,'gd','jhjh',NULL,NULL,NULL,'hjhj','jhjh','jhjh',NULL,NULL,NULL,NULL,'jhjh','jhj',NULL,NULL,NULL,4,'hjh','M',NULL,NULL,NULL,0),(66,'Aluno Teste','2019-12-07','jn',NULL,NULL,'2019-12-07','j','',NULL,NULL,'1234',NULL,'jn','jnjn',NULL,NULL,'1234',4,'jnj','M',NULL,NULL,NULL,0),(67,'Josemar Panzo','2019-12-11','0027LA956',NULL,NULL,'2019-11-27','Luanda','2019-12-08',NULL,'prudencio.antonio@hotmail.com','1234',NULL,'josemar@hotmail.com','930863423',NULL,NULL,NULL,3,'Maculusso','M',NULL,NULL,NULL,1),(68,'Pedro Manuel','2019-12-02','097362890',NULL,NULL,'2019-12-24','Luanda','2020-02-04',NULL,'pedro@gmail.com','1234',NULL,'pedro@gmail.com','93456326',NULL,NULL,NULL,5,'Rangel','M',NULL,NULL,NULL,0),(69,'Antonio Dos Santos','2019-12-07','242242',NULL,NULL,'2019-12-07','oko','2019-12-18',NULL,'antonio@hotmail.com','1234',NULL,'antonio@hotmail.com','928427642',NULL,NULL,NULL,5,'okok','M',NULL,NULL,NULL,1),(70,'','','',NULL,NULL,'','','',NULL,NULL,'1234',NULL,'','',NULL,NULL,'',4,'','',NULL,NULL,NULL,1),(71,'Teste Teacher','2019-12-18','121',NULL,NULL,'2019-12-16','Luanda','2019-12-23',NULL,'admin@drive.com','1234',NULL,'admin@drive.com','121',NULL,NULL,NULL,3,'dsd','M',NULL,NULL,NULL,1),(72,'Teste Teacher','2019-12-18','121',NULL,NULL,'2019-12-16','Luanda','2019-12-23',NULL,'admin@drive.com','1234',NULL,'admin@drive.com','121',NULL,NULL,NULL,3,'dsd','M',NULL,NULL,NULL,1),(73,'Amanda Joaquim Paulo','1998-07-08','UDO28H38DFEJ380',NULL,NULL,'2019-12-02','Luanda','2024-12-02',NULL,NULL,'1234',NULL,'amandapaulo@gmail.com','978756483','68','68','441100',4,'Tala Hady, casa nº 405','F',NULL,NULL,NULL,0),(74,'NOÉMIA GASPAR DO TARCIO','1990-07-03','0034JIL045D',NULL,NULL,'2019-12-02','Luanda','2020-01-03',NULL,'ng@g.com','tarcio',NULL,'ng@g.com','83863672','68','68','777007',4,'Aéneas','F',NULL,NULL,NULL,0),(75,'TARCIO TUTI DA NOÉMIA','1990-02-06','0034JIL045G',NULL,NULL,'2019-12-02','Luanda','2020-01-02',NULL,NULL,'1234',NULL,'tt@g.com','788382822','68','68','777008',4,'AENEAS','M',NULL,NULL,NULL,0),(76,'','','',NULL,NULL,'','','',NULL,NULL,'1234',NULL,'','','','','',4,'','',NULL,NULL,NULL,0),(77,'','','',NULL,NULL,'','','',NULL,NULL,'1234',NULL,'','','','','',4,'','M',NULL,NULL,NULL,0),(78,'','','',NULL,NULL,'','','',NULL,NULL,'1234',NULL,'','','','','',4,'','F',NULL,NULL,NULL,0),(79,'','','',NULL,NULL,'','','',NULL,NULL,'1234',NULL,'asddfffg','','','','',4,'','M',NULL,NULL,NULL,0),(80,'','','',NULL,NULL,'','','',NULL,NULL,'1234',NULL,'','','','','',4,'','F',NULL,NULL,NULL,0),(81,'Teste de nproc','2020-01-07','HSGH4635UTH00',NULL,NULL,'2020-01-15','fghnfgdhsfg00','2020-01-15',NULL,NULL,'1234',NULL,'dfvssstal@gmd00ccd','5454254','68','68','777009',4,'Cuca 00','F',NULL,NULL,NULL,0),(82,'ghfgh fghfghfgh','2020-01-07','dfhhfgh',NULL,NULL,'','fghnfgdhsfg00','',NULL,NULL,'1234',NULL,'fghg@df','','68','','777010',4,'fgdhg','F',NULL,NULL,NULL,0),(83,'sdsdss','','',NULL,NULL,'','','',NULL,NULL,'1234',NULL,'sdsd@sd','','','','777011',4,'','M',NULL,NULL,NULL,0),(84,'Novo admin','2020-01-14','HSGH4635UTH00',NULL,NULL,'2020-01-14','Luanda','2020-01-20',NULL,'sfsfs@fgg','1234',NULL,'sfsfs@fgg','+244 (564) 565 653',NULL,NULL,NULL,1,'Cuca 00','M',NULL,NULL,NULL,0),(85,'wrrrwer','2019-12-03','UDO28H38DD4FEJ3',NULL,NULL,'2020-01-20','Luanda','2020-01-29',NULL,'rrrr@hh','',NULL,'rrrr@hh','+244 (346) 363 636',NULL,NULL,NULL,1,'werr','M',NULL,NULL,NULL,1);
/*!40000 ALTER TABLE `pessoas` ENABLE KEYS */;
UNLOCK TABLES;

--
-- Table structure for table `tipo_documento`
--

DROP TABLE IF EXISTS `tipo_documento`;
/*!40101 SET @saved_cs_client     = @@character_set_client */;
/*!40101 SET character_set_client = utf8 */;
CREATE TABLE `tipo_documento` (
  `idtipo_documento` int(11) NOT NULL,
  `nome_tipodocumento` varchar(45) DEFAULT NULL,
  `documento_deleted` int(5) DEFAULT '0',
  `estado` varchar(45) DEFAULT NULL,
  PRIMARY KEY (`idtipo_documento`)
) ENGINE=InnoDB DEFAULT CHARSET=latin1;
/*!40101 SET character_set_client = @saved_cs_client */;

--
-- Dumping data for table `tipo_documento`
--

LOCK TABLES `tipo_documento` WRITE;
/*!40000 ALTER TABLE `tipo_documento` DISABLE KEYS */;
INSERT INTO `tipo_documento` VALUES (1,'Boletim de Notas',0,'activo'),(2,'Declaracão Sem Notas',0,'activo');
/*!40000 ALTER TABLE `tipo_documento` ENABLE KEYS */;
UNLOCK TABLES;

--
-- Table structure for table `tipo_usuario`
--

DROP TABLE IF EXISTS `tipo_usuario`;
/*!40101 SET @saved_cs_client     = @@character_set_client */;
/*!40101 SET character_set_client = utf8 */;
CREATE TABLE `tipo_usuario` (
  `tipoUsuario_id` int(10) unsigned NOT NULL AUTO_INCREMENT,
  `tipoUsuario_nome` varchar(20) DEFAULT NULL,
  `tipoUsuario_descricao` tinytext,
  `tipoUsuario_deleted` int(11) DEFAULT '0',
  PRIMARY KEY (`tipoUsuario_id`)
) ENGINE=InnoDB AUTO_INCREMENT=5 DEFAULT CHARSET=latin1 ROW_FORMAT=DYNAMIC;
/*!40101 SET character_set_client = @saved_cs_client */;

--
-- Dumping data for table `tipo_usuario`
--

LOCK TABLES `tipo_usuario` WRITE;
/*!40000 ALTER TABLE `tipo_usuario` DISABLE KEYS */;
INSERT INTO `tipo_usuario` VALUES (1,'Director',NULL,0),(2,'Secretario',NULL,0),(3,'Professor',NULL,0),(4,'Estudante',NULL,0);
/*!40000 ALTER TABLE `tipo_usuario` ENABLE KEYS */;
UNLOCK TABLES;

--
-- Table structure for table `tipoavaliacao`
--

DROP TABLE IF EXISTS `tipoavaliacao`;
/*!40101 SET @saved_cs_client     = @@character_set_client */;
/*!40101 SET character_set_client = utf8 */;
CREATE TABLE `tipoavaliacao` (
  `tipoAvaliacao_id` int(11) NOT NULL AUTO_INCREMENT,
  `tipoAvaliacao_nome` varchar(45) COLLATE utf8_bin DEFAULT NULL,
  `tipoAvaliacao_descricao` text CHARACTER SET utf8,
  `tipoAvaliacao_deleted` int(11) DEFAULT '0',
  PRIMARY KEY (`tipoAvaliacao_id`)
) ENGINE=InnoDB DEFAULT CHARSET=utf8 COLLATE=utf8_bin;
/*!40101 SET character_set_client = @saved_cs_client */;

--
-- Dumping data for table `tipoavaliacao`
--

LOCK TABLES `tipoavaliacao` WRITE;
/*!40000 ALTER TABLE `tipoavaliacao` DISABLE KEYS */;
/*!40000 ALTER TABLE `tipoavaliacao` ENABLE KEYS */;
UNLOCK TABLES;

--
-- Table structure for table `turmapessoas`
--

DROP TABLE IF EXISTS `turmapessoas`;
/*!40101 SET @saved_cs_client     = @@character_set_client */;
/*!40101 SET character_set_client = utf8 */;
CREATE TABLE `turmapessoas` (
  `turmaPessoa_id` int(11) NOT NULL AUTO_INCREMENT,
  `turmaPessoa_pessoa` int(11) DEFAULT NULL,
  `turmaPessoa_turma` int(11) DEFAULT NULL,
  `turmaPessoa_disciplinas` text COLLATE utf8_bin,
  `turmaPessoa_deleted` int(11) DEFAULT '0',
  PRIMARY KEY (`turmaPessoa_id`)
) ENGINE=InnoDB AUTO_INCREMENT=100 DEFAULT CHARSET=utf8 COLLATE=utf8_bin;
/*!40101 SET character_set_client = @saved_cs_client */;

--
-- Dumping data for table `turmapessoas`
--

LOCK TABLES `turmapessoas` WRITE;
/*!40000 ALTER TABLE `turmapessoas` DISABLE KEYS */;
INSERT INTO `turmapessoas` VALUES (2,2,1,'[\"all\"]',0),(3,3,1,'[\"2\"]',0),(4,3,2,'[1,2]',0),(5,4,2,'[\"all\"]',0),(6,5,2,'[\"2\"]',0),(7,6,2,'[\"all\"]',0),(8,7,2,'[\"all\"]',0),(9,8,1,'[\"all\"]',0),(10,9,2,'[\"all\"]',0),(11,10,2,'[\"all\"]',0),(12,11,2,'[\"all\"]',0),(13,12,2,'[\"all\"]',0),(14,13,2,'[\"all\"]',0),(15,14,1,'[\"all\"]',0),(16,15,2,'[\"all\"]',0),(17,16,2,'[\"all\"]',0),(18,17,2,'[\"all\"]',0),(19,18,2,'[\"all\"]',0),(20,19,2,'[\"all\"]',0),(21,20,2,'[\"all\"]',0),(22,21,2,'[\"all\"]',0),(23,22,2,'[\"all\"]',0),(24,23,2,'[\"all\"]',0),(25,24,1,'[\"all\"]',0),(26,25,2,'[\"all\"]',0),(28,27,2,'[\"all\"]',0),(29,28,2,'[\"all\"]',0),(30,29,2,'[\"all\"]',0),(31,30,1,'[\"all\"]',0),(32,31,2,'[\"all\"]',0),(34,33,2,'[\"all\"]',0),(35,34,2,'[\"all\"]',0),(36,35,2,'[\"all\"]',0),(38,37,2,'[\"all\"]',0),(39,38,2,'[\"all\"]',0),(40,39,1,'[\"all\"]',0),(41,40,2,'[\"all\"]',0),(42,41,2,'[\"all\"]',0),(43,42,2,'[\"all\"]',0),(44,43,2,'[\"all\"]',0),(46,45,2,'[\"all\"]',0),(47,46,1,'[\"all\"]',1),(48,47,2,'[\"all\"]',0),(50,49,2,'[\"all\"]',0),(51,50,2,'[\"all\"]',0),(52,51,2,'[\"all\"]',0),(55,54,1,'[\"all\"]',0),(56,55,2,'[\"all\"]',0),(57,56,1,'[\"all\"]',0),(58,57,2,'[\"all\"]',0),(60,59,1,'[\"all\"]',0),(61,60,2,'[\"all\"]',0),(62,61,2,'[\"all\"]',0),(63,66,2,'[\"all\"]',0),(64,70,0,'[\"all\"]',1),(65,65,1,'[\"all\"]',1),(66,42,1,'[\"all\"]',0),(67,71,1,'[\"2\"]',1),(68,71,1,'[\"1\",\"2\",\"3\"]',1),(69,73,3,'[\"all\"]',0),(70,3,3,'[\"1\",\"2\",\"3\",\"4\"]',0),(71,3,4,'[\"1\",\"2\",\"3\",\"4\"]',0),(72,3,5,'[\"3\"]',0),(73,73,4,'[\"all\"]',0),(74,73,5,'[\"all\"]',0),(75,8,2,'[\"all\"]',0),(76,62,5,'[\"all\"]',0),(77,74,6,'[\"all\"]',1),(78,75,6,'[\"all\"]',1),(79,3,6,'[\"1\",\"2\"]',1),(80,3,7,'[\"2\",\"3\"]',0),(81,74,7,'[\"all\"]',0),(82,75,7,'[\"all\"]',0),(83,6,6,'[\"1\"]',1),(84,7,6,'[\"1\"]',1),(85,8,6,'[\"all\"]',1),(86,6,6,'[\"1\"]',1),(87,5,6,'[\"all\"]',1),(88,6,6,'[\"all\"]',1),(89,7,6,'[\"all\"]',1),(90,8,6,'[\"all\"]',1),(91,3,6,'[\"1\",\"2\"]',1),(92,76,1,'[\"all\"]',0),(93,77,1,'[\"all\"]',0),(94,78,1,'[\"all\"]',0),(95,79,1,'[\"all\"]',0),(96,80,1,'[\"all\"]',0),(97,81,4,'[\"all\"]',0),(98,82,5,'[\"all\"]',0),(99,83,1,'[\"all\"]',0);
/*!40000 ALTER TABLE `turmapessoas` ENABLE KEYS */;
UNLOCK TABLES;

--
-- Table structure for table `turmas`
--

DROP TABLE IF EXISTS `turmas`;
/*!40101 SET @saved_cs_client     = @@character_set_client */;
/*!40101 SET character_set_client = utf8 */;
CREATE TABLE `turmas` (
  `turma_id` int(11) NOT NULL AUTO_INCREMENT,
  `turma_nome` varchar(45) NOT NULL,
  `turma_curso` int(11) NOT NULL,
  `turma_classeId` int(11) NOT NULL,
  `turma_turno` int(11) NOT NULL,
  `turma_ano` int(11) NOT NULL,
  `turma_disciplinas` text,
  `turma_descricao` text,
  `turma_dataCriacao` varchar(50) DEFAULT NULL,
  `turma_userCriador` int(11) DEFAULT NULL,
  `turma_deleted` int(11) DEFAULT '0',
  PRIMARY KEY (`turma_id`)
) ENGINE=InnoDB AUTO_INCREMENT=8 DEFAULT CHARSET=latin1;
/*!40101 SET character_set_client = @saved_cs_client */;

--
-- Dumping data for table `turmas`
--

LOCK TABLES `turmas` WRITE;
/*!40000 ALTER TABLE `turmas` DISABLE KEYS */;
INSERT INTO `turmas` VALUES (1,'A1',1,1,3,2019,'[1,2]','DS',NULL,NULL,0),(2,'A2',2,1,1,2019,'[1,2]','B',NULL,NULL,0),(3,'Z1',1,1,1,2019,'[\"1\",\"2\",\"4\"]','sqdsd','2019-12-11 15:21:44',1,0),(4,'Z2',1,2,1,2020,'[\"1\",\"2\",\"3\",\"4\"]','asdsd','2019-12-11 15:22:36',1,0),(5,'Z3',1,3,1,2021,'[\"3\"]','asdsd','2019-12-11 15:22:44',1,0),(6,'B1',1,1,1,2019,'[\"1\",\"2\"]','sddss','2019-12-14 09:43:52',1,0),(7,'B2',1,2,1,2020,'[\"2\",\"3\"]','sdfdd','2019-12-14 09:44:14',1,0);
/*!40000 ALTER TABLE `turmas` ENABLE KEYS */;
UNLOCK TABLES;

--
-- Table structure for table `turnos`
--

DROP TABLE IF EXISTS `turnos`;
/*!40101 SET @saved_cs_client     = @@character_set_client */;
/*!40101 SET character_set_client = utf8 */;
CREATE TABLE `turnos` (
  `turno_id` int(11) NOT NULL AUTO_INCREMENT,
  `turno_nome` varchar(45) COLLATE utf8_bin DEFAULT NULL,
  `turno_descricao` text COLLATE utf8_bin,
  `turno_dataCriacao` varchar(50) COLLATE utf8_bin DEFAULT NULL,
  `turno_userCriador` int(11) DEFAULT NULL,
  `turno_deleted` int(11) DEFAULT '0',
  PRIMARY KEY (`turno_id`)
) ENGINE=InnoDB AUTO_INCREMENT=4 DEFAULT CHARSET=utf8 COLLATE=utf8_bin;
/*!40101 SET character_set_client = @saved_cs_client */;

--
-- Dumping data for table `turnos`
--

LOCK TABLES `turnos` WRITE;
/*!40000 ALTER TABLE `turnos` DISABLE KEYS */;
INSERT INTO `turnos` VALUES (1,'Manhã',NULL,NULL,NULL,0),(2,'Tarde',NULL,NULL,NULL,0),(3,'Noite','',NULL,NULL,0);
/*!40000 ALTER TABLE `turnos` ENABLE KEYS */;
UNLOCK TABLES;
/*!40103 SET TIME_ZONE=@OLD_TIME_ZONE */;

/*!40101 SET SQL_MODE=@OLD_SQL_MODE */;
/*!40014 SET FOREIGN_KEY_CHECKS=@OLD_FOREIGN_KEY_CHECKS */;
/*!40014 SET UNIQUE_CHECKS=@OLD_UNIQUE_CHECKS */;
/*!40101 SET CHARACTER_SET_CLIENT=@OLD_CHARACTER_SET_CLIENT */;
/*!40101 SET CHARACTER_SET_RESULTS=@OLD_CHARACTER_SET_RESULTS */;
/*!40101 SET COLLATION_CONNECTION=@OLD_COLLATION_CONNECTION */;
/*!40111 SET SQL_NOTES=@OLD_SQL_NOTES */;

-- Dump completed on 2020-01-16 12:52:04
